R,G,B,Color
20,139,240,Azul
174,83,72,Marron
144,249,131,Verde
168,25,156,Rosa
30,182,136,Verde
199,150,175,Rosa
199,93,154,Rosa
231,243,25,Amarillo
48,213,76,Verde
38,3,64,Azul
82,181,56,Verde
249,99,108,Rosa
24,161,177,Azul
180,134,41,Marron
125,103,236,Azul
10,155,98,Verde
228,85,7,Naranja
249,15,198,Rosa
172,13,155,Rosa
215,195,149,Marron
250,146,229,Rosa
159,253,91,Verde
58,137,127,Verde
201,191,242,Violeta
253,208,44,Amarillo
95,189,94,Verde
119,183,248,Azul
71,45,228,Azul
161,229,147,Verde
202,21,34,Rojo
29,5,190,Azul
1,86,186,Azul
213,160,139,Marron
172,15,121,Rosa
127,240,90,Verde
7,160,197,Azul
187,191,105,Verde
37,233,32,Verde
101,40,153,Violeta
91,77,165,Violeta
216,154,222,Rosa
43,223,41,Verde
13,23,218,Azul
40,227,174,Verde
122,168,93,Verde
82,157,53,Verde
77,53,19,Marron
45,158,151,Verde
154,3,50,Rosa
138,214,179,Verde
28,154,202,Azul
126,111,138,Violeta
199,106,189,Rosa
121,110,237,Azul
83,225,69,Verde
22,68,79,Verde
165,140,146,Gris
205,6,230,Rosa
138,40,96,Rosa
237,99,167,Rosa
96,70,210,Azul
91,179,160,Verde
27,65,68,Verde
90,74,177,Azul
94,35,55,Marron
68,240,4,Verde
108,205,107,Verde
135,150,126,Verde
45,193,250,Azul
222,208,15,Amarillo
114,177,116,Verde
150,170,0,Verde
93,69,220,Azul
7,25,120,Azul
93,75,199,Azul
125,114,45,Verde
48,180,118,Verde
90,85,172,Azul
21,156,221,Azul
23,119,227,Azul
183,193,0,Amarillo
78,66,228,Azul
221,141,165,Rosa
50,131,120,Verde
237,227,32,Amarillo
25,124,117,Verde
184,185,99,Verde
60,11,184,Azul
128,203,17,Verde
176,34,118,Rosa
15,77,233,Azul
73,71,31,Gris
140,178,187,Azul
94,160,239,Azul
153,174,67,Verde
44,17,61,Violeta
22,73,181,Azul
241,147,43,Naranja
231,15,60,Rosa
24,63,229,Azul
32,114,134,Azul
73,203,197,Azul
201,64,139,Rosa
100,34,146,Violeta
104,124,76,Verde
237,23,6,Rojo
84,24,253,Azul
207,221,69,Amarillo
226,158,50,Naranja
76,21,88,Violeta
146,70,179,Violeta
18,240,118,Verde
146,253,227,Verde
120,112,15,Verde
40,181,201,Azul
122,234,187,Verde
131,111,1,Verde
96,123,96,Gris
47,131,241,Azul
153,96,246,Violeta
187,109,167,Rosa
194,191,49,Amarillo
237,168,135,Naranja
20,240,35,Verde
159,254,27,Verde
93,16,175,Violeta
26,4,250,Azul
164,229,160,Verde
162,24,143,Rosa
147,127,137,Gris
213,85,199,Rosa
187,52,84,Rosa
252,229,113,Amarillo
248,89,204,Rosa
93,108,230,Azul
215,95,12,Naranja
144,205,203,Verde
179,19,115,Rosa
213,64,139,Rosa
214,79,12,Naranja
44,183,126,Verde
247,183,133,Naranja
150,242,18,Verde
212,171,201,Rosa
110,12,97,Violeta
72,198,20,Verde
115,101,51,Marron
187,86,150,Rosa
249,135,7,Naranja
164,105,248,Violeta
74,148,136,Verde
113,196,74,Verde
201,34,192,Rosa
79,18,222,Azul
0,157,138,Verde
107,128,105,Gris
140,20,70,Rosa
132,218,15,Verde
167,202,217,Azul
215,142,209,Rosa
126,38,126,Rosa
199,225,240,Azul
96,78,130,Violeta
125,253,242,Azul
164,86,80,Marron
180,249,170,Verde
85,233,90,Verde
199,233,203,Verde
90,154,76,Verde
54,187,79,Verde
125,43,30,Marron
35,34,66,Azul
243,33,165,Rosa
1,119,93,Verde
91,206,23,Verde
54,240,229,Verde
157,168,249,Azul
100,211,172,Verde
49,194,108,Verde
98,115,97,Gris
42,49,89,Azul
50,157,15,Verde
56,132,76,Verde
92,203,37,Verde
96,153,95,Verde
55,25,104,Violeta
55,118,237,Azul
139,157,154,Gris
228,91,251,Rosa
6,218,230,Azul
222,10,80,Rosa
9,132,209,Azul
158,56,220,Violeta
99,24,41,Marron
222,101,221,Rosa
117,129,227,Azul
37,236,19,Verde
228,183,138,Marron
9,228,206,Verde
183,16,203,Rosa
74,222,101,Verde
176,253,108,Verde
124,197,25,Verde
169,231,234,Azul
195,248,212,Verde
159,110,233,Violeta
187,90,38,Marron
177,251,233,Verde
209,185,127,Marron
148,152,109,Verde
13,24,227,Azul
34,251,11,Verde
136,128,148,Violeta
128,76,189,Violeta
250,11,126,Rosa
148,175,65,Verde
100,70,139,Violeta
222,187,175,Marron
6,207,15,Verde
32,2,42,Violeta
140,133,31,Verde
196,138,75,Marron
170,103,140,Rosa
129,3,158,Rosa
178,135,94,Marron
79,43,164,Azul
234,205,4,Amarillo
207,112,105,Rosa
67,6,95,Violeta
216,187,235,Violeta
20,230,66,Verde
3,88,41,Verde
219,124,89,Naranja
110,137,90,Verde
168,127,98,Marron
79,30,185,Azul
54,238,248,Azul
42,82,224,Azul
128,4,95,Rosa
170,119,95,Marron
2,250,110,Verde
88,75,176,Azul
120,181,117,Verde
65,224,187,Verde
229,22,242,Rosa
191,121,110,Marron
115,10,109,Violeta
92,107,247,Azul
155,180,197,Azul
69,44,84,Violeta
84,201,197,Verde
7,34,18,Verde
72,191,249,Azul
51,53,126,Azul
109,96,41,Marron
35,65,88,Azul
17,173,96,Verde
165,158,189,Rosa
153,221,50,Verde
122,40,228,Violeta
210,36,105,Rosa
190,223,111,Verde
120,244,253,Azul
207,244,229,Verde
14,118,139,Azul
153,154,24,Verde
198,237,249,Azul
146,97,184,Violeta
35,176,27,Verde
68,45,203,Azul
1,247,169,Verde
67,90,56,Verde
96,198,3,Verde
152,237,10,Verde
181,171,2,Amarillo
122,23,133,Violeta
186,47,95,Rosa
229,58,166,Rosa
69,85,150,Azul
131,107,11,Marron
55,192,161,Verde
71,125,226,Azul
67,28,196,Azul
117,181,80,Verde
229,185,186,Rosa
120,120,120,Gris
29,74,18,Verde
70,213,238,Azul
162,1,129,Rosa
30,40,67,Violeta
164,116,242,Violeta
115,233,181,Verde
76,4,8,Marron
101,190,184,Verde
135,190,83,Verde
72,228,88,Verde
59,183,152,Verde
235,222,85,Amarillo
20,131,231,Azul
35,142,53,Verde
230,49,147,Rosa
78,150,192,Azul
157,121,220,Rosa
147,53,75,Marron
6,149,209,Azul
123,239,227,Verde
205,85,150,Rosa
122,39,144,Violeta
199,19,240,Rosa
145,215,190,Verde
31,60,63,Verde
179,244,226,Verde
219,220,186,Verde
34,197,28,Verde
168,190,32,Verde
2,71,158,Azul
238,80,21,Naranja
191,140,49,Marron
199,31,155,Rosa
15,143,148,Azul
32,97,29,Verde
43,77,186,Azul
60,11,84,Violeta
26,86,254,Azul
105,66,152,Violeta
174,221,94,Verde
40,177,88,Verde
189,174,180,Gris
8,175,154,Verde
74,220,219,Azul
121,178,183,Gris
107,71,222,Violeta
169,213,160,Verde
229,240,86,Amarillo
249,137,157,Rosa
201,157,44,Marron
119,144,38,Verde
188,229,226,Verde
76,187,67,Verde
221,52,249,Rosa
174,233,91,Verde
248,55,15,Rojo
174,28,150,Rosa
191,205,98,Verde
113,206,41,Verde
210,33,190,Rosa
159,246,224,Verde
195,110,19,Marron
73,17,171,Azul
252,241,233,Blanco
202,123,172,Rosa
79,90,5,Verde
205,112,113,Rosa
125,248,226,Verde
167,147,124,Gris
13,58,246,Azul
184,109,139,Rosa
19,96,217,Azul
77,211,119,Verde
87,176,74,Verde
181,128,28,Marron
145,183,215,Azul
148,232,0,Verde
23,159,174,Azul
122,232,125,Verde
98,116,99,Gris
115,125,178,Violeta
177,157,0,Amarillo
12,249,121,Verde
168,172,202,Violeta
221,211,11,Amarillo
114,247,58,Verde
162,215,94,Verde
128,184,246,Azul
2,7,204,Azul
182,109,159,Rosa
51,87,240,Azul
35,36,61,Violeta
163,253,92,Verde
30,57,136,Azul
53,42,252,Azul
71,17,91,Violeta
71,74,223,Azul
104,18,188,Violeta
114,187,18,Verde
203,115,23,Marron
230,93,43,Naranja
147,221,41,Verde
60,226,61,Verde
80,95,201,Azul
223,152,61,Naranja
59,46,42,Gris
156,144,45,Verde
63,205,153,Verde
197,115,185,Rosa
130,130,130,Gris
231,128,94,Naranja
20,89,24,Verde
65,125,123,Verde
143,146,218,Violeta
46,155,194,Azul
193,177,233,Violeta
242,34,9,Rojo
220,120,90,Rojo
240,45,126,Rosa
20,222,197,Verde
87,129,132,Azul
128,196,105,Verde
234,141,208,Rosa
189,248,77,Verde
247,53,94,Rosa
204,205,247,Violeta
201,233,157,Verde
94,13,222,Azul
183,187,187,Gris
87,148,42,Verde
176,231,77,Verde
195,142,11,Marron
1,111,117,Azul
195,132,103,Marron
66,227,191,Verde
88,35,56,Marron
123,99,207,Violeta
243,149,98,Naranja
202,201,24,Amarillo
48,8,190,Azul
221,127,20,Naranja
240,206,72,Amarillo
62,81,3,Verde
5,19,229,Azul
135,37,59,Rosa
43,229,122,Verde
133,40,27,Marron
55,53,138,Azul
159,122,90,Marron
243,215,47,Amarillo
56,128,184,Azul
60,29,223,Azul
25,194,80,Verde
246,72,245,Rosa
237,69,233,Rosa
218,82,77,Rojo
211,136,229,Rosa
19,13,75,Azul
141,142,11,Verde
207,105,252,Rosa
143,77,224,Violeta
231,12,234,Rosa
165,114,41,Marron
68,244,12,Verde
204,7,233,Rosa
235,3,189,Rosa
169,55,5,Marron
110,235,19,Verde
169,156,179,Gris
5,247,157,Verde
150,10,91,Violeta
95,58,22,Marron
83,215,214,Azul
69,14,240,Azul
72,18,219,Azul
166,239,214,Verde
199,224,241,Azul
220,57,28,Naranja
180,130,236,Violeta
82,169,128,Verde
239,173,169,Rojo
206,99,62,Naranja
125,125,125,Gris
219,143,181,Rosa
141,173,250,Azul
17,91,221,Azul
62,59,252,Azul
114,160,218,Azul
167,124,102,Marron
204,48,145,Rosa
80,144,186,Azul
148,207,98,Verde
186,112,39,Marron
151,70,222,Violeta
111,198,67,Verde
165,240,20,Verde
220,227,38,Amarillo
142,170,123,Verde
245,80,23,Rojo
120,26,5,Marron
13,191,8,Verde
101,0,248,Azul
56,251,197,Verde
72,153,14,Verde
180,69,92,Rosa
203,75,249,Rosa
34,103,152,Azul
179,71,6,Marron
39,74,239,Azul
95,106,1,Verde
251,215,93,Amarillo
140,51,31,Marron
209,57,132,Rosa
46,137,135,Azul
173,1,92,Rosa
1,6,229,Azul
101,76,21,Marron
133,123,7,Verde
86,163,60,Verde
239,61,198,Rosa
110,145,63,Verde
149,234,80,Verde
83,158,215,Azul
170,165,156,Gris
173,71,215,Rosa
170,150,45,Verde
49,132,99,Verde
114,208,211,Azul
236,239,154,Amarillo
78,92,46,Verde
252,171,40,Naranja
162,129,1,Verde
246,118,99,Naranja
148,85,60,Marron
16,76,160,Azul
12,5,42,Azul
51,249,131,Verde
128,233,202,Verde
61,203,194,Verde
217,26,95,Rosa
71,51,80,Violeta
61,127,159,Azul
13,67,65,Verde
37,254,62,Verde
139,139,164,Violeta
139,67,74,Marron
137,37,2,Marron
232,31,179,Rosa
126,193,109,Verde
101,43,107,Violeta
247,165,79,Naranja
130,52,98,Violeta
152,42,27,Marron
245,58,75,Rojo
4,249,212,Azul
19,127,104,Verde
248,118,171,Rosa
201,129,93,Marron
64,80,27,Verde
254,102,188,Rosa
205,25,228,Rosa
196,157,52,Amarillo
148,101,239,Violeta
244,254,169,Amarillo
169,49,52,Rojo
37,53,135,Azul
131,97,60,Marron
213,179,7,Amarillo
246,25,203,Rosa
70,78,142,Azul
140,248,129,Verde
197,30,165,Rosa
120,123,233,Azul
229,249,59,Amarillo
172,78,160,Rosa
26,204,231,Azul
161,153,7,Verde
170,132,118,Marron
105,124,214,Azul
50,73,171,Azul
110,96,204,Azul
39,63,13,Verde
209,219,16,Amarillo
89,14,191,Azul
74,181,179,Verde
178,156,246,Violeta
225,160,112,Naranja
120,41,87,Violeta
228,139,154,Rojo
68,205,249,Azul
220,47,140,Rosa
235,167,133,Naranja
43,59,201,Azul
163,185,121,Verde
138,96,202,Violeta
202,57,125,Rosa
59,179,85,Verde
187,237,228,Verde
92,39,137,Violeta
174,101,34,Marron
8,27,198,Azul
80,125,31,Verde
175,247,139,Verde
85,31,74,Violeta
134,0,144,Rosa
9,199,98,Verde
253,21,122,Rosa
90,3,81,Violeta
66,61,30,Verde
22,236,214,Azul
83,233,103,Verde
219,71,92,Rojo
119,192,150,Verde
67,118,160,Azul
28,115,202,Azul
156,209,66,Verde
155,134,18,Verde
69,1,24,Rosa
228,189,184,Rojo
205,60,59,Rojo
5,91,179,Azul
23,183,94,Verde
97,178,41,Verde
204,155,147,Rojo
123,223,68,Verde
85,52,94,Violeta
137,65,152,Violeta
142,27,154,Violeta
126,153,140,Gris
39,180,217,Azul
239,215,170,Amarillo
45,188,153,Verde
144,160,44,Verde
44,111,120,Azul
42,227,207,Verde
82,224,19,Verde
48,143,67,Verde
12,43,46,Azul
81,234,68,Verde
248,150,15,Naranja
184,245,78,Verde
104,53,47,Marron
153,73,201,Rosa
82,135,138,Azul
249,28,30,Rojo
152,2,147,Rosa
188,107,149,Rosa
211,162,112,Marron
239,133,203,Rosa
215,32,95,Rojo
252,73,191,Rosa
208,217,128,Verde
217,90,158,Rosa
32,131,41,Verde
131,102,145,Violeta
93,7,16,Marron
85,159,25,Verde
252,35,208,Rosa
114,252,105,Verde
125,210,134,Verde
58,37,55,Violeta
67,178,227,Azul
195,45,131,Rosa
244,2,251,Rosa
45,9,107,Azul
119,121,186,Azul
233,90,21,Naranja
189,211,32,Amarillo
112,37,250,Violeta
74,243,92,Verde
195,241,142,Verde
183,221,58,Verde
152,244,166,Verde
43,142,144,Azul
59,181,248,Azul
159,248,157,Verde
131,73,15,Marron
232,84,65,Rojo
227,50,54,Rojo
195,165,161,Marron
151,162,25,Verde
133,28,193,Violeta
82,245,84,Verde
186,93,30,Marron
237,126,98,Rojo
180,144,4,Verde
165,74,83,Rojo
50,151,31,Verde
62,194,243,Azul
181,105,88,Marron
76,155,133,Verde
174,224,32,Verde
143,251,58,Verde
194,121,12,Naranja
68,11,230,Azul
106,39,10,Marron
28,48,96,Azul
75,225,168,Verde
45,101,115,Azul
153,252,9,Verde
96,217,73,Verde
47,75,71,Gris
226,236,28,Amarillo
103,233,82,Verde
18,11,144,Azul
65,137,194,Azul
164,244,169,Verde
125,216,249,Azul
215,18,80,Rojo
87,74,20,Verde
215,108,60,Naranja
14,4,243,Azul
207,97,23,Naranja
118,152,7,Verde
87,68,246,Azul
171,75,50,Marron
33,227,71,Verde
108,158,192,Azul
75,144,176,Azul
169,90,236,Rosa
58,106,91,Verde
165,84,204,Violeta
89,20,34,Marron
238,122,164,Rosa
69,239,136,Verde
67,128,31,Verde
201,125,179,Verde
226,66,183,Rosa
210,68,185,Rosa
31,16,208,Azul
105,105,152,Azul
171,225,249,Azul
217,80,219,Rosa
89,18,17,Marron
122,11,42,Rojo
240,62,128,Rojo
183,98,222,Violeta
181,248,15,Verde
185,158,166,Gris
165,211,10,Verde
174,126,123,Marron
245,20,169,Rosa
206,185,218,Azul
144,20,36,Rojo
234,227,148,Amarillo
237,45,66,Rojo
117,176,42,Verde
105,229,23,Verde
199,176,32,Amarillo
144,241,249,Azul
15,252,165,Verde
133,87,102,Violeta
0,253,115,Verde
134,5,106,Violeta
150,166,140,Verde
209,118,100,Naranja
107,141,23,Verde
214,224,154,Verde
76,141,210,Azul
167,9,55,Rojo
1,140,175,Azul
203,166,10,Amarillo
37,108,182,Azul
34,20,85,Azul
252,229,92,Amarillo
136,11,8,Rojo
71,210,125,Verde
122,221,132,Verde
253,64,161,Rosa
16,229,249,Azul
206,162,89,Marron
226,196,24,Amarillo
228,53,148,Rosa
45,11,64,Violeta
79,184,63,Verde
34,30,151,Azul
192,50,171,Rosa
237,112,162,Rosa
85,169,225,Azul
103,100,246,Azul
36,81,59,Verde
67,224,59,Verde
130,202,85,Verde
61,82,18,Verde
251,118,190,Rosa
196,70,138,Rosa
167,110,212,Violeta
57,74,154,Azul
45,216,247,Azul
252,78,204,Rosa
177,57,173,Violeta
108,136,107,Verde
8,143,41,Verde
41,122,243,Azul
241,237,85,Amarillo
88,219,57,Verde
182,61,119,Rosa
54,118,100,Verde
67,10,188,Azul
87,99,201,Azul
214,145,138,Rojo
7,181,11,Verde
2,193,184,Azul
208,189,64,Amarillo
98,93,244,Azul
76,60,9,Marron
217,169,48,Amarillo
171,240,191,Verde
187,17,168,Rosa
155,107,84,Marron
197,69,2,Naranja
237,64,158,Rosa
67,189,237,Azul
248,61,147,Rosa
16,103,114,Azul
174,65,47,Rojo
244,92,246,Rosa
94,108,178,Azul
198,249,4,Amarillo
226,218,234,Gris
69,139,20,Verde
19,85,197,Azul
249,204,191,Naranja
197,200,56,Verde
12,16,138,Azul
161,61,212,Violeta
34,36,215,Azul
107,16,191,Violeta
70,187,130,Verde
40,209,172,Verde
51,92,204,Azul
187,38,182,Rosa
135,96,28,Marron
5,125,250,Azul
11,248,38,Verde
33,253,214,Verde
185,245,115,Verde
118,253,28,Verde
20,76,214,Azul
247,180,5,Naranja
100,126,200,Azul
235,156,198,Rosa
230,104,223,Rosa
223,181,249,Violeta
133,133,133,Gris
32,123,0,Verde
17,2,149,Azul
45,129,16,Verde
242,242,11,Amarillo
33,57,20,Verde
110,29,3,Marron
36,221,9,Verde
65,250,78,Verde
121,121,121,Gris
166,209,227,Azul
231,234,253,Violeta
72,31,134,Violeta
210,206,234,Violeta
3,94,144,Azul
62,219,97,Verde
16,161,94,Verde
153,146,30,Verde
245,116,195,Rosa
144,232,125,Verde
218,35,153,Rosa
250,163,51,Naranja
21,147,125,Verde
58,254,99,Verde
137,66,68,Marron
80,39,91,Violeta
35,39,92,Violeta
65,144,68,Verde
100,179,14,Verde
38,168,140,Verde
156,212,105,Verde
44,37,113,Azul
137,51,240,Violeta
158,29,217,Rosa
158,158,158,Gris
192,236,15,Amarillo
30,61,254,Azul
88,218,50,Verde
187,123,158,Rosa
80,130,207,Azul
187,166,55,Amarillo
38,186,172,Azul
167,203,62,Verde
76,200,125,Verde
44,8,44,Violeta
234,159,174,Rojo
224,114,28,Naranja
1,33,230,Azul
8,156,127,Verde
144,37,186,Violeta
166,229,142,Verde
154,153,123,Gris
8,22,215,Azul
67,152,91,Verde
43,112,181,Azul
228,84,214,Rosa
74,239,117,Verde
47,74,13,Verde
244,184,77,Naranja
164,8,50,Rojo
186,93,229,Rosa
221,172,11,Naranja
191,13,19,Rojo
139,231,168,Verde
86,23,144,Violeta
73,161,124,Verde
61,79,35,Verde
192,28,52,Rojo
185,115,138,Rosa
94,104,250,Azul
72,218,182,Verde
164,247,217,Verde
184,71,242,Violeta
241,85,185,Rosa
222,200,80,Amarillo
31,132,202,Azul
87,135,12,Verde
44,245,201,Verde
212,45,202,Rosa
204,113,33,Naranja
197,204,251,Azul
82,29,210,Azul
182,31,173,Rosa
0,43,225,Azul
108,246,54,Verde
210,130,229,Violeta
80,57,134,Violeta
76,32,221,Azul
63,109,22,Verde
42,148,44,Verde
90,223,66,Verde
237,74,202,Rosa
3,128,220,Azul
248,57,58,Rojo
65,143,15,Verde
122,190,200,Azul
148,176,246,Azul
216,47,113,Rojo
24,20,171,Azul
137,122,143,Gris
29,98,51,Verde
45,177,172,Azul
114,137,94,Verde
63,67,164,Azul
250,80,163,Rosa
34,243,1,Verde
22,247,106,Verde
19,249,238,Azul
235,224,4,Amarillo
219,29,246,Rosa
97,158,109,Verde
66,27,207,Azul
38,108,14,Verde
36,175,140,Verde
166,78,49,Marron
18,74,210,Azul
178,202,107,Verde
108,75,98,Violeta
218,44,212,Rosa
61,249,121,Verde
119,43,184,Violeta
168,254,29,Verde
244,44,72,Rojo
52,166,55,Verde
121,106,76,Gris
218,19,192,Rosa
85,184,229,Azul
76,176,54,Verde
103,173,158,Verde
165,96,7,Marron
241,176,37,Naranja
176,151,162,Violeta
31,103,26,Verde
42,120,152,Azul
102,175,198,Azul
14,196,29,Verde
35,147,35,Verde
39,67,15,Verde
119,147,60,Verde
143,48,181,Rosa
12,186,241,Azul
21,80,243,Azul
102,90,20,Marron
242,211,50,Amarillo
4,66,238,Azul
134,224,20,Verde
183,58,214,Rosa
92,64,152,Violeta
68,43,252,Azul
75,44,233,Azul
95,8,47,Rosa
179,108,104,Rojo
38,21,88,Azul
180,111,160,Violeta
218,30,192,Rosa
177,32,71,Rojo
243,210,219,Rojo
155,224,198,Verde
39,254,78,Verde
28,49,49,Verde
179,61,239,Rosa
38,83,88,Verde
168,88,204,Violeta
253,83,214,Rosa
33,22,248,Azul
223,91,154,Rosa
6,206,245,Azul
220,33,210,Rosa
204,188,12,Amarillo
67,153,30,Verde
6,9,16,Negro
206,137,120,Marron
202,43,125,Rosa
50,150,212,Azul
3,77,95,Azul
161,195,240,Azul
192,29,190,Rosa
245,50,98,Rojo
217,136,126,Marron
137,93,150,Violeta
58,249,250,Azul
131,95,201,Violeta
43,246,160,Verde
15,205,124,Verde
225,39,120,Rosa
208,215,46,Amarillo
29,68,152,Azul
53,123,80,Verde
44,159,110,Verde
98,217,127,Verde
227,215,133,Amarillo
182,38,81,Rojo
27,203,3,Verde
199,108,23,Naranja
201,215,178,Verde
218,202,42,Amarillo
158,30,56,Rojo
220,116,78,Naranja
225,235,44,Amarillo
80,200,246,Azul
18,152,65,Verde
167,71,182,Rosa
202,184,39,Amarillo
245,238,156,Amarillo
109,145,37,Verde
15,88,121,Azul
128,181,250,Azul
117,184,169,Verde
190,131,220,Rosa
15,129,132,Verde
30,214,132,Verde
228,135,41,Naranja
224,126,98,Marron
207,28,26,Rojo
21,36,134,Azul
23,51,164,Azul
34,88,52,Verde
68,15,2,Marron
90,217,186,Verde
212,57,132,Rosa
154,136,42,Verde
106,179,71,Verde
95,133,30,Verde
1,131,217,Azul
56,111,48,Verde
232,88,66,Rojo
105,80,61,Marron
130,76,36,Marron
94,250,212,Verde
252,167,138,Naranja
253,96,190,Rosa
136,212,254,Azul
174,188,1,Verde
227,136,146,Rojo
107,237,217,Azul
26,121,111,Verde
122,30,207,Violeta
13,77,45,Verde
38,222,179,Verde
167,24,220,Violeta
90,20,154,Violeta
104,139,69,Verde
10,139,33,Verde
172,19,211,Violeta
196,205,15,Amarillo
16,223,143,Verde
176,176,176,Gris
105,47,34,Marron
70,5,176,Azul
236,144,4,Naranja
208,177,25,Amarillo
48,131,77,Verde
229,188,152,Marron
64,30,176,Azul
125,159,86,Verde
161,236,83,Verde
210,191,64,Amarillo
33,17,183,Azul
245,34,34,Rojo
170,108,19,Marron
213,167,231,Violeta
198,211,84,Verde
204,188,6,Amarillo
80,89,222,Azul
26,89,86,Verde
98,61,192,Violeta
82,101,107,Gris
102,171,118,Verde
138,99,170,Violeta
4,253,159,Verde
251,158,192,Rosa
162,150,163,Gris
83,139,227,Azul
163,250,150,Verde
40,126,239,Azul
100,224,128,Verde
236,172,254,Rosa
242,75,245,Rosa
41,5,1,Marron
30,71,134,Azul
127,0,54,Rosa
207,237,242,Azul
89,105,19,Verde
192,236,204,Verde
54,252,37,Verde
42,195,33,Verde
41,191,51,Verde
179,22,33,Rojo
247,234,78,Amarillo
141,229,4,Verde
253,237,145,Amarillo
123,202,242,Azul
27,46,80,Azul
206,196,17,Amarillo
130,2,12,Rojo
84,101,161,Azul
180,80,176,Rosa
135,16,205,Violeta
53,171,67,Verde
21,51,171,Azul
158,77,120,Violeta
138,159,19,Verde
23,209,25,Verde
134,46,175,Violeta
54,218,38,Verde
199,55,233,Rosa
72,86,125,Azul
129,130,51,Verde
29,99,25,Verde
156,57,148,Violeta
125,11,40,Rojo
188,183,193,Gris
234,126,74,Naranja
77,79,224,Azul
167,174,15,Verde
59,160,198,Azul
220,93,187,Rosa
245,127,200,Rosa
42,245,79,Verde
82,179,93,Verde
94,82,115,Violeta
111,248,209,Verde
211,201,78,Amarillo
83,130,156,Azul
65,83,157,Azul
53,40,200,Azul
246,150,8,Naranja
205,58,39,Rojo
5,253,113,Verde
191,243,57,Verde
248,58,166,Rosa
108,136,121,Gris
168,131,253,Violeta
226,81,197,Rosa
29,193,91,Verde
95,245,241,Azul
215,43,61,Rojo
194,40,242,Rosa
229,88,84,Rojo
112,152,21,Verde
83,12,19,Marron
240,24,223,Rosa
103,4,68,Violeta
52,122,20,Verde
119,106,224,Azul
51,67,168,Azul
129,27,196,Violeta
128,178,183,Azul
59,254,88,Verde
123,225,170,Verde
221,89,191,Rosa
106,165,139,Verde
13,22,159,Azul
81,217,107,Verde
244,133,168,Rosa
37,105,217,Azul
141,26,42,Rojo
117,182,49,Verde
63,173,229,Azul
56,165,143,Verde
78,31,131,Violeta
209,85,178,Rosa
16,148,24,Verde
186,33,217,Rosa
40,191,78,Verde
49,109,11,Verde
84,111,219,Azul
106,75,148,Violeta
227,129,70,Naranja
94,3,6,Marron
200,71,242,Rosa
184,194,67,Amarillo
143,140,75,Verde
166,228,25,Verde
44,61,6,Verde
111,165,93,Verde
135,166,203,Azul
213,2,18,Rojo
208,247,211,Verde
62,242,180,Verde
40,144,123,Verde
189,117,214,Rosa
100,156,22,Verde
76,125,48,Verde
59,121,70,Verde
186,37,140,Rosa
13,146,186,Azul
152,205,156,Verde
188,98,92,Rojo
196,95,70,Marron
60,173,78,Verde
71,26,84,Violeta
75,117,231,Azul
215,34,35,Rojo
222,152,17,Naranja
93,53,242,Azul
102,58,25,Marron
176,241,227,Verde
102,150,118,Verde
66,252,188,Verde
107,243,179,Verde
63,180,159,Verde
98,244,221,Verde
110,24,158,Violeta
208,178,216,Violeta
183,89,250,Violeta
167,138,168,Violeta
126,9,149,Violeta
84,22,215,Azul
90,70,133,Azul
66,36,185,Azul
214,66,248,Rosa
235,101,240,Rosa
231,217,31,Amarillo
51,237,110,Verde
251,129,41,Naranja
219,11,135,Rosa
30,161,234,Azul
14,64,238,Azul
182,197,244,Azul
146,25,48,Rojo
31,30,49,Negro
55,251,28,Verde
76,2,5,Marron
123,228,219,Azul
17,31,114,Azul
144,170,121,Verde
8,50,51,Verde
159,6,60,Rojo
140,139,148,Gris
218,90,88,Rojo
180,224,160,Verde
172,65,159,Violeta
27,203,177,Verde
17,3,91,Azul
77,203,124,Verde
122,185,144,Verde
76,64,174,Azul
223,87,18,Naranja
15,10,95,Azul
219,31,82,Rojo
25,226,139,Verde
62,49,223,Azul
88,97,143,Azul
20,189,65,Verde
217,19,62,Rojo
102,112,74,Verde
128,24,125,Violeta
203,233,33,Amarillo
159,105,170,Violeta
73,201,7,Verde
173,136,31,Marron
137,17,229,Violeta
69,145,224,Azul
2,198,230,Azul
227,4,75,Rojo
210,235,238,Azul
42,41,200,Azul
109,12,118,Violeta
69,209,120,Verde
158,169,224,Violeta
193,1,20,Rojo
190,120,46,Marron
80,95,97,Gris
199,49,29,Rojo
77,127,12,Verde
188,184,254,Violeta
130,216,82,Verde
121,161,101,Verde
26,130,77,Verde
57,8,239,Azul
32,52,2,Verde
74,71,228,Azul
235,205,50,Amarillo
6,167,6,Verde
71,142,64,Verde
190,29,127,Rosa
66,121,125,Gris
74,10,116,Violeta
104,217,49,Verde
169,138,135,Marron
80,238,67,Verde
116,207,224,Azul
253,102,17,Naranja
43,166,96,Verde
221,59,133,Rosa
200,170,83,Marron
240,138,84,Naranja
65,58,137,Azul
29,41,88,Azul
248,90,188,Rosa
250,115,231,Rosa
60,251,9,Verde
95,242,185,Verde
224,89,16,Naranja
8,185,105,Verde
24,244,187,Verde
209,233,131,Verde
3,60,186,Azul
187,14,240,Violeta
234,128,236,Rosa
121,181,156,Verde
117,154,14,Verde
154,10,106,Violeta
247,111,184,Rosa
33,81,47,Verde
166,182,179,Gris
221,87,124,Rosa
217,244,200,Verde
156,36,50,Rojo
163,91,168,Violeta
188,215,23,Verde
220,18,46,Rojo
8,176,206,Azul
40,223,78,Verde
129,247,163,Verde
57,16,141,Azul
167,231,108,Verde
99,231,223,Azul
46,251,107,Verde
3,116,140,Azul
243,211,217,Rosa
151,141,236,Violeta
212,230,239,Gris
117,21,167,Violeta
128,99,211,Violeta
241,119,193,Rosa
155,198,58,Verde
133,70,121,Violeta
95,235,144,Verde
187,207,177,Verde
78,116,208,Azul
163,140,98,Marron
94,109,110,Gris
93,80,140,Violeta
200,29,207,Rosa
87,220,123,Verde
180,25,63,Rojo
117,210,62,Verde
219,61,235,Rosa
241,79,85,Rojo
105,1,81,Violeta
237,110,6,Naranja
130,237,144,Verde
79,108,8,Verde
54,50,162,Azul
211,139,46,Naranja
187,54,80,Rojo
88,111,178,Azul
3,66,180,Azul
170,67,41,Marron
13,35,156,Azul
247,81,19,Naranja
84,180,219,Azul
246,17,174,Rosa
153,53,156,Violeta
81,182,231,Azul
100,76,187,Violeta
194,65,149,Rosa
33,12,209,Azul
61,125,220,Azul
34,147,211,Azul
119,253,248,Azul
183,4,229,Violeta
215,15,140,Rosa
38,49,122,Azul
222,231,210,Verde
234,146,147,Rojo
222,220,42,Amarillo
207,232,57,Verde
52,231,127,Verde
51,211,236,Azul
102,193,87,Verde
144,189,254,Azul
19,41,208,Azul
151,19,38,Rojo
108,39,243,Violeta
201,171,114,Marron
56,191,175,Verde
153,58,144,Violeta
166,141,115,Marron
66,39,240,Azul
67,101,157,Azul
142,37,77,Rojo
162,193,154,Verde
210,3,107,Rosa
239,8,242,Rosa
246,205,76,Amarillo
100,190,123,Verde
11,22,145,Azul
253,180,238,Rosa
42,190,109,Verde
36,179,116,Verde
86,218,147,Verde
228,170,197,Rosa
178,9,225,Violeta
155,6,189,Violeta
112,205,221,Azul
215,87,139,Rosa
72,123,126,Verde
243,80,108,Rojo
121,80,79,Marron
191,40,74,Rojo
182,58,25,Marron
98,131,210,Azul
41,0,88,Azul
165,14,9,Marron
123,193,156,Verde
60,218,219,Azul
243,115,49,Naranja
6,8,55,Azul
223,40,105,Rosa
133,245,196,Verde
124,31,233,Azul
57,8,53,Violeta
45,2,254,Azul
243,158,138,Rojo
149,180,78,Verde
2,254,155,Verde
45,240,151,Verde
239,50,159,Rosa
161,178,93,Verde
167,103,239,Violeta
98,134,9,Verde
180,222,218,Verde
214,99,147,Rosa
77,176,248,Azul
154,228,59,Verde
38,15,233,Azul
30,26,51,Negro
184,79,189,Violeta
119,220,209,Azul
212,192,167,Marron
113,107,101,Gris
216,149,243,Rosa
137,178,193,Azul
167,10,69,Rojo
5,157,8,Verde
152,110,143,Violeta
207,99,139,Rosa
206,207,0,Amarillo
17,161,220,Azul
68,145,62,Verde
222,220,238,Violeta
70,185,234,Azul
160,254,154,Verde
12,59,27,Verde
72,91,229,Azul
114,222,92,Verde
5,57,182,Azul
242,82,168,Rosa
8,240,14,Verde
147,226,98,Verde
159,232,93,Verde
69,188,219,Azul
6,194,94,Verde
31,30,2,Marron
22,183,209,Azul
134,3,207,Violeta
165,172,113,Verde
218,39,4,Rojo
83,105,152,Azul
225,158,201,Rosa
87,65,177,Azul
23,157,87,Verde
124,30,141,Violeta
202,51,168,Rosa
129,58,138,Violeta
177,89,149,Violeta
75,52,209,Azul
151,170,241,Azul
8,78,174,Azul
239,209,96,Amarillo
190,210,31,Verde
117,243,232,Azul
241,99,2,Naranja
172,93,250,Violeta
102,61,245,Azul
42,39,164,Azul
126,8,100,Violeta
96,182,215,Azul
186,196,69,Verde
165,124,92,Marron
220,85,243,Rosa
96,117,57,Verde
177,151,103,Marron
18,45,79,Azul
110,197,6,Verde
95,7,49,Violeta
150,78,233,Violeta
244,183,196,Rosa
40,75,127,Azul
107,181,119,Verde
176,212,128,Verde
63,233,249,Azul
84,5,56,Violeta
28,67,150,Azul
88,75,153,Azul
203,34,242,Rosa
241,93,50,Naranja
249,98,20,Naranja
155,86,194,Violeta
180,93,87,Marron
238,76,91,Rojo
133,153,86,Verde
221,85,249,Rosa
98,140,132,Verde
176,212,33,Verde
185,109,215,Violeta
10,154,144,Verde
18,220,64,Verde
22,113,11,Verde
133,232,229,Azul
160,246,132,Verde
180,24,96,Rosa
23,140,93,Verde
182,111,149,Violeta
44,171,115,Verde
185,72,59,Marron
11,79,74,Verde
152,43,108,Violeta
73,134,65,Verde
49,76,196,Azul
171,172,112,Verde
178,142,35,Verde
186,42,67,Rojo
61,231,230,Azul
9,67,92,Azul
122,162,121,Verde
50,113,190,Azul
227,250,240,Verde
131,2,111,Violeta
181,93,205,Violeta
63,44,174,Azul
134,117,181,Violeta
222,61,182,Rosa
230,14,87,Rojo
26,228,20,Verde
246,213,107,Amarillo
95,106,85,Gris
209,90,118,Rosa
18,192,50,Verde
106,144,165,Gris
94,222,47,Verde
185,246,188,Verde
17,84,242,Azul
155,173,249,Azul
79,168,30,Verde
213,130,156,Rosa
78,145,217,Azul
117,146,66,Verde
9,178,213,Azul
185,240,70,Verde
130,87,124,Violeta
23,59,229,Azul
23,172,152,Verde
136,53,28,Marron
28,9,4,Marron
192,223,66,Amarillo
211,164,166,Rosa
56,48,124,Azul
81,129,72,Verde
57,252,77,Verde
137,167,7,Verde
98,55,36,Marron
105,36,1,Marron
126,243,164,Verde
248,18,253,Rosa
137,171,143,Verde
109,61,109,Violeta
204,61,253,Rosa
141,244,244,Azul
53,205,95,Verde
247,141,126,Rojo
236,80,100,Rojo
54,58,176,Azul
55,119,99,Verde
54,100,55,Verde
72,231,238,Azul
88,36,88,Violeta
245,98,242,Rosa
118,246,121,Verde
203,79,213,Violeta
70,39,195,Azul
48,97,67,Verde
223,63,186,Rosa
240,249,177,Amarillo
93,0,46,Marron
17,206,238,Azul
96,22,126,Violeta
72,228,184,Verde
112,158,244,Azul
127,23,32,Marron
201,235,7,Amarillo
128,21,104,Violeta
44,26,217,Azul
77,97,243,Azul
89,24,205,Azul
102,64,215,Azul
249,228,246,Rosa
164,43,220,Violeta
176,75,30,Marron
106,75,190,Violeta
108,223,227,Azul
150,239,1,Verde
207,89,231,Rosa
19,149,239,Azul
7,100,30,Verde
205,137,120,Marron
26,196,145,Verde
164,237,236,Azul
153,82,100,Marron
138,65,5,Marron
185,26,81,Rojo
141,70,237,Violeta
19,149,211,Azul
189,233,248,Azul
132,174,96,Verde
213,146,11,Naranja
130,213,253,Azul
3,132,102,Verde
174,201,158,Verde
43,66,57,Verde
174,64,125,Rosa
188,23,46,Rojo
238,22,88,Rojo
52,150,220,Azul
194,234,150,Verde
26,227,37,Verde
44,115,80,Verde
198,135,22,Naranja
40,186,238,Azul
226,70,112,Rojo
208,170,31,Amarillo
80,157,208,Azul
48,144,253,Azul
120,166,44,Verde
109,175,89,Verde
23,89,223,Azul
116,129,31,Verde
207,47,107,Rosa
226,147,80,Naranja
195,19,178,Rosa
118,126,188,Azul
131,129,93,Marron
252,11,175,Rosa
16,31,131,Azul
150,23,109,Violeta
154,24,164,Violeta
2,154,92,Verde
136,201,108,Verde
17,94,86,Verde
170,196,226,Azul
242,246,185,Amarillo
130,161,24,Verde
122,188,73,Verde
17,37,146,Azul
95,161,39,Verde
108,230,167,Verde
125,137,125,Gris
15,209,213,Azul
161,60,112,Violeta
79,18,224,Azul
98,192,75,Verde
114,18,105,Violeta
95,133,123,Gris
143,153,202,Azul
217,124,186,Rosa
251,117,28,Naranja
65,20,242,Azul
224,213,178,Gris
23,83,91,Azul
81,244,184,Verde
176,172,70,Verde
187,198,139,Verde
52,160,162,Verde
245,147,171,Rosa
46,139,71,Verde
230,184,141,Marron
169,143,116,Marron
54,207,118,Verde
117,98,42,Marron
232,25,149,Rosa
121,254,2,Verde
105,17,44,Marron
53,244,168,Verde
106,110,120,Gris
65,5,219,Azul
125,221,128,Verde
85,24,70,Violeta
231,57,86,Rojo
158,150,168,Gris
174,138,55,Marron
222,10,45,Rojo
4,55,191,Azul
200,127,191,Rosa
1,132,68,Verde
244,91,121,Rojo
80,156,48,Verde
192,217,57,Verde
244,210,186,Naranja
46,160,80,Verde
165,252,169,Verde
182,114,145,Violeta
136,25,129,Violeta
226,22,8,Rojo
52,161,14,Verde
238,84,150,Rosa
154,146,130,Gris
138,48,233,Violeta
65,134,34,Verde
5,223,36,Verde
93,160,165,Azul
234,0,200,Rosa
68,102,0,Verde
87,237,62,Verde
160,143,196,Violeta
44,39,238,Azul
167,110,135,Violeta
219,112,158,Rosa
128,215,115,Verde
141,137,26,Verde
154,176,168,Gris
95,65,156,Violeta
123,97,175,Violeta
223,201,101,Amarillo
29,233,228,Azul
65,183,210,Azul
136,37,81,Violeta
107,92,64,Marron
69,127,104,Verde
144,14,250,Violeta
62,192,61,Verde
148,213,72,Verde
122,169,90,Verde
151,33,123,Violeta
243,144,64,Naranja
70,216,102,Verde
238,179,26,Amarillo
90,136,164,Azul
169,10,58,Rojo
198,92,215,Rosa
178,99,200,Violeta
187,243,219,Verde
171,162,91,Verde
39,63,204,Azul
166,189,44,Verde
165,57,234,Violeta
228,207,210,Gris
156,108,188,Violeta
52,236,137,Verde
87,231,62,Verde
122,118,182,Azul
151,2,130,Violeta
225,41,84,Rojo
245,67,222,Rosa
77,151,193,Azul
190,134,46,Marron
34,20,193,Azul
72,219,39,Verde
52,74,139,Azul
27,223,203,Azul
73,154,10,Verde
193,61,67,Rojo
162,82,191,Violeta
200,76,181,Rosa
198,137,245,Violeta
23,143,86,Verde
140,252,20,Verde
171,202,92,Verde
92,171,112,Verde
83,77,94,Gris
106,211,78,Verde
162,4,242,Violeta
172,30,89,Rojo
147,175,192,Gris
87,227,44,Verde
28,26,74,Azul
71,149,158,Azul
70,138,184,Azul
117,235,59,Verde
103,207,164,Verde
184,165,227,Violeta
227,226,78,Amarillo
149,170,177,Gris
50,210,213,Azul
55,159,167,Azul
46,139,146,Azul
203,25,69,Rojo
65,208,86,Verde
139,20,229,Violeta
45,220,33,Verde
40,113,108,Verde
170,228,159,Verde
170,240,237,Azul
46,132,217,Azul
167,177,42,Amarillo
224,187,214,Rosa
20,192,158,Verde
74,91,134,Azul
137,72,21,Marron
88,225,182,Verde
66,247,87,Verde
246,83,173,Rosa
216,107,254,Rosa
159,145,245,Azul
123,2,184,Violeta
69,15,165,Azul
129,109,27,Marron
93,169,15,Verde
162,59,15,Marron
216,253,135,Amarillo
159,154,2,Verde
170,122,66,Marron
198,157,234,Violeta
216,37,1,Rojo
78,88,11,Verde
243,141,232,Rosa
176,207,27,Verde
75,146,244,Azul
92,187,210,Azul
178,228,185,Verde
181,240,51,Verde
54,227,43,Verde
150,76,43,Marron
60,54,141,Azul
248,241,201,Amarillo
84,28,88,Violeta
230,86,244,Rosa
189,85,242,Violeta
142,163,90,Verde
23,225,144,Verde
219,179,162,Marron
213,157,24,Naranja
179,241,118,Verde
49,56,139,Azul
74,43,216,Azul
102,237,215,Azul
105,4,50,Marron
89,90,176,Azul
54,24,98,Azul
38,224,56,Verde
206,248,30,Verde
158,185,19,Verde
221,116,63,Naranja
9,212,40,Verde
184,49,202,Violeta
223,189,189,Gris
74,219,178,Verde
52,208,76,Verde
157,244,71,Verde
254,209,216,Rosa
122,196,240,Azul
223,157,205,Violeta
34,18,176,Azul
54,89,226,Azul
99,194,230,Azul
137,248,186,Verde
66,49,81,Negro
235,165,7,Naranja
201,187,127,Gris
228,233,70,Amarillo
6,159,242,Azul
81,25,86,Violeta
112,239,33,Verde
131,219,34,Verde
120,57,31,Marron
29,135,239,Azul
213,247,132,Verde
185,98,173,Rosa
150,156,213,Azul
180,121,193,Violeta
189,200,187,Gris
247,162,39,Naranja
25,4,207,Azul
56,166,38,Verde
29,209,59,Verde
29,201,211,Azul
190,186,71,Verde
119,138,128,Gris
202,168,121,Marron
86,248,52,Verde
62,216,249,Azul
215,144,27,Naranja
77,131,144,Azul
25,117,240,Azul
40,51,141,Azul
225,121,163,Rosa
157,156,2,Verde
129,81,217,Violeta
154,188,253,Azul
16,152,89,Verde
52,115,187,Azul
95,129,243,Azul
164,178,187,Gris
96,95,8,Verde
83,135,5,Verde
98,44,76,Violeta
132,181,147,Verde
158,213,187,Verde
90,116,160,Azul
160,137,73,Marron
73,22,211,Azul
91,30,24,Marron
202,50,35,Rojo
23,8,102,Azul
220,16,51,Rojo
22,30,249,Azul
168,17,222,Violeta
169,24,80,Rojo
57,209,38,Verde
55,1,2,Marron
127,53,69,Marron
114,24,32,Marron
193,98,207,Rosa
88,134,6,Verde
110,141,238,Azul
85,172,165,Verde
144,17,187,Violeta
40,28,29,Negro
197,16,198,Violeta
239,250,204,Amarillo
167,233,242,Azul
84,56,104,Violeta
34,230,206,Azul
174,131,123,Marron
23,18,242,Azul
254,33,129,Rosa
107,198,98,Verde
147,118,80,Marron
170,124,243,Violeta
252,151,172,Rosa
127,186,117,Verde
64,166,100,Verde
202,211,236,Gris
134,208,197,Verde
83,8,154,Azul
0,125,16,Verde
223,121,182,Rosa
166,124,190,Violeta
154,212,210,Azul
122,81,226,Violeta
139,230,40,Verde
60,159,27,Verde
219,145,131,Naranja
37,152,149,Azul
98,118,236,Azul
235,69,117,Rosa
150,55,36,Marron
39,244,173,Verde
169,9,40,Rojo
253,144,27,Naranja
106,138,215,Azul
110,199,202,Verde
253,165,164,Rojo
20,224,99,Verde
90,177,236,Azul
57,12,90,Violeta
118,249,153,Verde
42,221,57,Verde
16,246,35,Verde
60,73,91,Gris
205,17,180,Violeta
213,169,56,Amarillo
146,164,80,Verde
86,76,42,Marron
193,6,200,Rosa
149,151,166,Gris
127,86,106,Marron
109,48,57,Marron
20,147,13,Verde
13,112,247,Azul
22,34,23,Negro
37,172,226,Azul
47,234,34,Verde
122,218,202,Verde
96,142,6,Verde
148,190,177,Gris
120,39,241,Violeta
74,82,113,Gris
44,4,62,Violeta
154,124,203,Violeta
154,12,21,Rojo
209,88,154,Rosa
96,187,119,Verde
145,118,113,Marron
148,204,228,Azul
203,15,197,Rosa
66,135,188,Azul
94,209,155,Verde
83,59,210,Azul
6,122,174,Azul
20,144,63,Verde
73,180,157,Verde
194,31,173,Rosa
214,109,185,Rosa
232,240,212,Blanco
39,237,201,Verde
109,92,190,Violeta
141,30,45,Marron
205,230,126,Amarillo
229,32,182,Rosa
111,214,53,Verde
178,209,125,Verde
44,94,70,Verde
182,202,225,Gris
119,228,86,Verde
184,9,175,Violeta
126,178,198,Azul
60,36,32,Marron
159,228,24,Verde
218,134,15,Naranja
48,219,6,Verde
72,83,162,Azul
118,233,194,Verde
127,76,201,Violeta
63,136,177,Azul
29,194,43,Verde
248,51,68,Rojo
14,51,90,Azul
117,109,65,Gris
137,164,146,Gris
240,186,56,Naranja
166,206,59,Verde
158,220,103,Verde
151,87,106,Marron
23,23,128,Azul
122,218,114,Verde
1,64,10,Verde
162,194,204,Gris
105,220,242,Azul
218,122,207,Rosa
14,78,212,Azul
157,213,161,Verde
38,179,21,Verde
57,65,9,Verde
33,197,76,Verde
105,34,192,Violeta
130,41,162,Violeta
186,39,148,Rosa
86,236,35,Verde
229,242,104,Amarillo
159,166,91,Verde
2,172,150,Azul
121,182,116,Verde
221,188,116,Amarillo
42,78,112,Azul
109,209,240,Azul
163,54,21,Marron
86,34,199,Azul
142,192,212,Azul
252,198,150,Naranja
144,132,153,Gris
77,46,12,Marron
58,246,173,Verde
228,64,55,Rojo
60,231,18,Verde
55,99,233,Azul
113,206,205,Azul
42,230,26,Verde
8,82,79,Verde
72,243,220,Verde
150,139,191,Violeta
146,99,178,Violeta
187,214,141,Verde
226,143,149,Rojo
103,100,201,Azul
141,130,97,Gris
252,159,168,Rojo
253,170,95,Naranja
191,63,117,Rosa
216,161,2,Amarillo
208,203,203,Gris
16,229,246,Azul
89,242,159,Verde
56,145,155,Azul
57,186,248,Azul
119,22,188,Violeta
83,7,84,Violeta
216,119,96,Naranja
219,58,225,Rosa
185,52,44,Rojo
109,117,4,Verde
157,136,65,Marron
218,210,23,Amarillo
162,97,217,Violeta
38,113,8,Verde
83,222,70,Verde
94,22,89,Violeta
179,46,13,Rojo
222,52,210,Rosa
19,34,223,Azul
121,186,236,Azul
23,182,45,Verde
244,188,53,Naranja
252,188,44,Naranja
140,53,72,Marron
213,122,167,Rosa
42,61,155,Azul
28,86,47,Verde
182,27,248,Violeta
195,90,69,Marron
205,65,12,Rojo
38,72,135,Azul
93,18,167,Violeta
190,112,232,Rosa
254,188,252,Rosa
76,68,217,Azul
229,44,4,Rojo
18,231,52,Verde
42,163,45,Verde
203,40,161,Violeta
181,87,55,Marron
132,83,175,Violeta
189,225,173,Verde
137,236,222,Verde
5,68,238,Azul
99,170,128,Verde
15,230,195,Verde
110,45,72,Marron
90,95,69,Gris
149,195,58,Verde
151,176,5,Verde
29,57,251,Azul
122,117,79,Gris
252,4,217,Rosa
188,69,250,Violeta
199,135,66,Marron
162,94,65,Marron
180,21,102,Rosa
12,47,90,Azul
4,139,78,Verde
37,166,203,Azul
103,13,198,Violeta
63,232,126,Verde
62,236,129,Verde
124,39,124,Violeta
97,227,186,Verde
166,15,93,Rosa
72,177,94,Verde
221,205,218,Gris
9,188,91,Verde
100,227,214,Azul
235,253,38,Amarillo
105,248,132,Verde
114,184,225,Azul
172,107,134,Marron
95,148,239,Azul
21,144,249,Azul
121,169,114,Verde
135,133,53,Verde
28,11,115,Azul
185,73,68,Rojo
150,195,187,Gris
121,185,174,Verde
46,201,248,Azul
24,251,225,Verde
128,35,112,Violeta
227,90,219,Rosa
118,173,193,Azul
84,62,22,Marron
109,79,206,Violeta
174,238,141,Verde
129,216,222,Azul
24,7,195,Azul
48,42,253,Azul
70,73,128,Azul
125,127,36,Verde
112,243,206,Verde
222,223,112,Amarillo
235,153,98,Naranja
162,201,155,Verde
150,90,23,Marron
149,210,26,Verde
113,103,185,Violeta
233,117,145,Rosa
112,175,202,Azul
102,20,217,Azul
128,56,137,Violeta
30,135,48,Verde
239,46,113,Rojo
202,82,138,Rosa
244,222,11,Amarillo
24,35,22,Negro
67,175,229,Azul
105,133,162,Gris
189,77,99,Rojo
168,14,65,Rojo
175,60,139,Violeta
249,198,137,Naranja
145,113,99,Marron
110,40,249,Azul
132,110,19,Verde
33,211,198,Verde
56,68,178,Azul
128,204,139,Verde
208,209,252,Azul
219,230,205,Gris
61,206,223,Azul
180,7,8,Rojo
86,169,221,Azul
55,49,5,Marron
21,67,97,Azul
229,46,176,Rosa
9,37,58,Negro
90,35,132,Violeta
235,167,182,Rosa
189,202,139,Verde
173,214,184,Verde
33,2,103,Azul
199,164,199,Violeta
106,50,35,Marron
163,214,122,Verde
174,105,148,Violeta
138,159,49,Verde
129,158,23,Verde
228,148,207,Rosa
245,146,240,Rosa
186,16,14,Rojo
190,89,168,Rosa
114,54,116,Violeta
83,216,166,Verde
61,76,227,Azul
178,215,98,Verde
63,115,142,Azul
254,59,17,Naranja
157,105,149,Violeta
131,53,231,Violeta
91,20,89,Violeta
103,24,212,Azul
116,178,84,Verde
59,176,51,Verde
44,83,131,Azul
131,253,68,Verde
179,187,112,Verde
86,131,247,Azul
162,170,173,Gris
129,227,54,Verde
22,241,180,Verde
45,155,174,Azul
64,216,253,Azul
155,2,122,Violeta
238,100,167,Rosa
240,37,12,Rojo
135,238,191,Verde
1,187,28,Verde
70,85,167,Azul
150,5,48,Marron
221,212,162,Marron
152,212,202,Verde
44,211,148,Verde
51,193,130,Verde
106,104,244,Azul
15,53,157,Azul
66,164,191,Azul
219,169,9,Naranja
230,161,233,Rosa
112,9,205,Violeta
18,162,93,Verde
88,163,50,Verde
65,214,3,Verde
190,132,64,Marron
8,172,166,Azul
101,172,244,Azul
180,109,143,Rosa
212,245,31,Amarillo
38,95,199,Azul
235,121,245,Rosa
158,9,244,Violeta
70,48,24,Marron
14,23,48,Negro
224,27,67,Rojo
37,89,145,Azul
129,118,202,Azul
97,120,27,Verde
9,75,174,Azul
153,147,49,Verde
52,30,107,Azul
130,73,33,Marron
50,238,36,Verde
209,165,118,Marron
39,234,218,Azul
89,148,57,Verde
144,169,249,Azul
95,219,161,Verde
53,80,149,Azul
239,221,110,Amarillo
222,243,154,Verde
241,51,99,Rojo
23,126,174,Azul
12,201,236,Azul
180,116,51,Marron
181,244,156,Verde
133,83,14,Marron
17,39,123,Azul
34,235,161,Verde
226,115,45,Naranja
85,152,92,Verde
234,253,64,Amarillo
79,226,43,Verde
118,218,123,Verde
131,165,15,Verde
164,131,253,Violeta
24,38,64,Negro
53,102,194,Azul
196,81,208,Rosa
227,113,107,Naranja
208,211,132,Amarillo
123,197,181,Verde
222,148,154,Rojo
91,241,209,Verde
55,170,104,Verde
102,173,243,Azul
19,170,4,Verde
185,125,30,Marron
223,176,136,Marron
107,9,42,Marron
228,106,35,Naranja
36,157,196,Azul
156,194,46,Verde
145,1,253,Violeta
125,157,28,Verde
22,177,26,Verde
119,207,155,Verde
219,79,154,Rosa
105,229,210,Verde
238,102,226,Rosa
164,65,76,Marron
185,236,128,Verde
124,39,35,Marron
185,4,76,Rojo
119,51,145,Violeta
253,8,81,Rojo
22,99,131,Azul
91,75,72,Marron
223,194,170,Marron
215,129,114,Marron
137,238,174,Verde
218,29,37,Rojo
175,184,216,Azul
228,64,88,Rojo
68,224,69,Verde
80,20,161,Azul
162,183,153,Verde
156,13,118,Violeta
252,136,167,Rosa
167,32,199,Violeta
13,138,223,Azul
108,161,225,Azul
118,181,67,Verde
214,223,224,Gris
136,8,149,Violeta
249,109,47,Naranja
209,149,124,Marron
38,181,219,Azul
221,19,183,Violeta
199,38,26,Rojo
123,248,212,Verde
223,128,58,Naranja
70,79,194,Azul
152,240,120,Verde
154,25,126,Violeta
51,247,229,Verde
220,117,42,Naranja
230,72,138,Rosa
77,252,50,Verde
137,172,254,Azul
173,175,78,Verde
135,54,60,Marron
0,241,56,Verde
15,29,75,Azul
237,140,216,Rosa
234,43,221,Rosa
38,139,44,Verde
205,82,83,Rojo
45,198,40,Verde
169,68,106,Rosa
165,168,34,Verde
99,151,127,Verde
245,217,78,Amarillo
201,155,143,Marron
58,179,202,Azul
98,55,218,Azul
20,110,160,Azul
42,8,85,Azul
2,184,50,Verde
72,60,249,Azul
84,139,176,Azul
97,11,136,Violeta
224,199,1,Amarillo
143,132,11,Verde
44,167,63,Verde
20,182,198,Azul
35,195,133,Verde
159,47,181,Violeta
233,71,87,Rojo
218,115,114,Rojo
104,42,222,Azul
2,124,174,Azul
87,17,243,Azul
207,161,35,Amarillo
78,100,100,Gris
8,61,67,Verde
132,244,146,Verde
57,110,8,Verde
158,40,156,Violeta
169,91,237,Rosa
83,53,160,Azul
67,199,175,Verde
157,128,232,Azul
124,45,129,Violeta
199,37,242,Rosa
230,171,202,Rosa
23,53,187,Azul
209,144,163,Rosa
246,219,235,Rosa
75,1,77,Violeta
194,78,113,Rojo
37,194,141,Verde
109,10,46,Marron
75,50,187,Azul
80,202,195,Verde
51,219,239,Azul
184,195,48,Amarillo
142,48,104,Violeta
57,106,55,Verde
134,28,14,Marron
38,43,176,Azul
140,14,224,Violeta
18,228,159,Verde
177,201,7,Verde
48,119,92,Verde
35,166,151,Verde
249,0,209,Rosa
235,222,57,Amarillo
184,40,247,Violeta
215,43,231,Rosa
224,63,167,Rosa
102,252,124,Verde
191,116,25,Marron
223,36,62,Rojo
208,115,205,Rosa
161,157,63,Verde
73,170,228,Azul
190,59,192,Violeta
50,217,174,Verde
127,234,154,Verde
145,243,68,Verde
90,211,38,Verde
2,165,26,Verde
116,72,123,Violeta
164,13,82,Rojo
28,103,163,Azul
239,41,160,Rosa
210,7,192,Rosa
33,170,114,Verde
235,247,22,Amarillo
29,89,201,Azul
201,147,51,Marron
187,86,93,Marron
72,160,172,Azul
138,130,172,Azul
6,57,52,Verde
207,236,163,Verde
151,131,63,Verde
161,4,13,Rojo
64,175,124,Verde
103,121,17,Verde
117,84,42,Marron
165,94,68,Marron
135,206,156,Verde
236,63,69,Rojo
83,34,56,Marron
203,145,192,Rosa
114,172,192,Azul
222,130,211,Rosa
132,83,97,Marron
42,254,23,Verde
102,223,225,Azul
50,49,39,Negro
110,163,88,Verde
143,78,9,Marron
5,5,13,Negro
82,71,139,Azul
62,56,86,Azul
225,61,177,Rosa
219,182,121,Marron
50,24,202,Azul
182,51,91,Rojo
188,90,124,Rojo
21,98,135,Azul
201,51,203,Rosa
75,203,174,Verde
195,108,18,Naranja
30,72,125,Azul
89,180,187,Azul
37,173,143,Verde
53,170,142,Verde
10,110,118,Verde
73,76,243,Azul
160,52,29,Marron
164,181,204,Azul
236,148,126,Naranja
102,161,127,Verde
207,140,138,Marron
252,123,207,Rosa
97,173,254,Azul
54,126,29,Verde
14,72,7,Verde
70,111,148,Azul
149,97,127,Violeta
149,224,105,Verde
130,50,154,Violeta
105,207,152,Verde
141,214,206,Verde
39,175,133,Verde
172,223,137,Verde
248,226,197,Naranja
142,178,2,Verde
238,187,161,Naranja
130,149,154,Gris
233,126,104,Naranja
149,109,5,Amarillo
201,173,49,Amarillo
35,121,220,Azul
104,96,110,Gris
120,117,167,Azul
4,240,179,Verde
224,176,133,Marron
0,177,192,Azul
159,248,9,Verde
219,183,137,Marron
97,169,198,Azul
197,75,132,Rosa
249,27,188,Rosa
101,176,86,Verde
106,223,19,Verde
54,240,180,Verde
19,47,224,Azul
225,20,140,Rosa
184,200,164,Gris
249,233,10,Amarillo
135,202,104,Verde
21,212,103,Verde
251,195,148,Naranja
34,85,216,Azul
50,213,13,Verde
187,197,223,Azul
80,239,61,Verde
5,180,204,Azul
148,25,167,Violeta
233,26,179,Rosa
143,152,131,Gris
109,207,249,Azul
100,48,226,Azul
232,105,219,Rosa
142,22,201,Violeta
206,178,16,Amarillo
166,185,38,Verde
150,95,211,Violeta
88,177,62,Verde
6,186,198,Azul
122,176,158,Gris
134,12,245,Violeta
85,143,234,Azul
247,41,136,Rosa
252,225,172,Amarillo
150,122,190,Azul
54,112,87,Verde
45,22,107,Azul
4,115,45,Verde
239,195,73,Amarillo
80,215,10,Verde
158,9,106,Violeta
29,9,210,Azul
135,202,57,Verde
46,178,202,Azul
57,92,33,Verde
240,120,152,Rosa
131,161,56,Verde
162,159,216,Azul
68,99,172,Azul
5,94,187,Azul
212,79,124,Rosa
60,141,239,Azul
176,105,69,Marron
171,208,227,Azul
160,10,179,Violeta
39,215,159,Verde
12,183,170,Verde
1,70,113,Azul
62,169,29,Verde
211,239,47,Amarillo
136,217,164,Verde
219,181,60,Naranja
63,203,139,Verde
179,148,211,Violeta
216,96,179,Rosa
241,186,75,Naranja
60,75,217,Azul
32,194,23,Verde
105,40,24,Marron
156,85,64,Marron
39,40,33,Negro
196,230,7,Amarillo
53,6,204,Azul
201,13,169,Rosa
56,21,170,Azul
163,245,72,Verde
1,83,229,Azul
56,14,103,Violeta
157,34,109,Rosa
202,216,4,Amarillo
129,115,166,Azul
189,6,121,Rosa
39,247,180,Verde
46,59,105,Azul
16,195,178,Verde
204,30,107,Rojo
53,214,189,Verde
152,74,178,Violeta
78,16,43,Marron
18,149,80,Verde
186,121,235,Violeta
230,22,139,Rosa
82,112,61,Verde
197,192,164,Gris
9,150,93,Verde
56,55,168,Azul
139,46,141,Violeta
176,59,103,Rosa
233,194,130,Amarillo
178,98,130,Violeta
215,173,31,Amarillo
40,183,107,Verde
126,26,74,Violeta
35,208,254,Azul
151,212,63,Verde
218,68,232,Rosa
147,202,52,Verde
248,88,89,Naranja
42,25,115,Azul
5,77,250,Azul
199,74,118,Rosa
181,38,88,Rojo
20,63,62,Verde
77,60,60,Gris
107,250,65,Verde
187,159,181,Azul
89,147,228,Azul
148,46,116,Violeta
29,45,157,Azul
22,110,149,Azul
46,146,114,Verde
77,88,135,Azul
164,63,206,Violeta
69,42,138,Azul
204,86,66,Naranja
97,181,132,Verde
213,28,59,Rojo
208,206,14,Amarillo
7,241,108,Verde
47,28,154,Azul
66,170,223,Azul
15,54,124,Azul
89,48,254,Azul
7,221,204,Verde
49,71,185,Azul
35,217,126,Verde
65,48,191,Azul
157,48,38,Marron
180,41,65,Rojo
246,152,186,Rosa
21,75,88,Verde
146,101,171,Violeta
33,66,222,Azul
220,245,111,Amarillo
106,83,252,Azul
196,45,74,Rojo
92,62,187,Azul
87,160,186,Azul
7,180,143,Verde
59,171,203,Azul
7,42,125,Azul
196,151,67,Amarillo
69,100,132,Azul
170,15,181,Rosa
197,6,75,Rojo
115,84,230,Azul
203,115,70,Naranja
126,97,152,Azul
236,64,81,Rojo
56,222,251,Azul
185,217,247,Azul
99,68,115,Violeta
4,192,10,Verde
80,200,157,Verde
4,161,179,Azul
120,112,58,Marron
104,153,93,Verde
179,123,19,Naranja
185,101,48,Naranja
235,122,171,Rosa
107,41,26,Marron
45,140,174,Azul
104,29,160,Violeta
243,147,225,Rosa
28,128,154,Azul
83,194,34,Verde
221,235,185,Amarillo
67,155,5,Verde
209,144,76,Naranja
218,227,151,Amarillo
254,0,188,Rosa
54,9,125,Azul
2,57,28,Verde
226,87,50,Naranja
26,47,191,Azul
252,61,95,Rojo
245,88,221,Rosa
168,29,112,Rosa
67,158,238,Azul
147,3,30,Rojo
28,85,179,Azul
9,199,223,Azul
159,197,6,Verde
14,244,133,Verde
112,134,29,Verde
213,237,85,Amarillo
180,166,6,Amarillo
193,203,232,Azul
42,215,218,Azul
108,115,78,Gris
59,2,26,Marron
191,44,95,Rosa
50,248,20,Verde
123,179,42,Verde
246,115,115,Rojo
91,197,240,Azul
184,181,152,Gris
139,54,240,Violeta
234,143,213,Rosa
244,54,238,Rosa
227,240,195,Amarillo
124,149,168,Azul
98,102,136,Azul
83,117,70,Verde
148,246,49,Verde
222,238,133,Amarillo
22,102,11,Verde
191,250,252,Azul
204,127,210,Rosa
77,98,202,Azul
59,139,124,Verde
142,69,94,Rojo
91,116,54,Verde
44,156,25,Verde
41,87,92,Azul
67,28,216,Azul
23,123,106,Verde
93,188,64,Verde
122,183,184,Azul
220,66,52,Rojo
46,47,138,Azul
4,222,240,Azul
197,98,236,Rosa
54,48,151,Azul
140,53,75,Rojo
22,158,153,Azul
104,214,190,Verde
208,234,81,Amarillo
93,133,89,Verde
213,152,13,Naranja
145,80,182,Violeta
169,245,240,Azul
145,242,172,Verde
43,40,69,Azul
62,231,14,Verde
189,145,236,Rosa
155,145,86,Amarillo
101,225,73,Verde
84,52,12,Marron
10,208,185,Azul
103,57,229,Azul
81,238,221,Azul
65,156,4,Verde
167,8,108,Rosa
192,28,2,Rojo
190,76,104,Rosa
59,75,146,Azul
18,141,173,Azul
154,244,93,Amarillo
200,75,168,Rosa
76,26,4,Marron
130,29,239,Violeta
236,48,119,Rosa
75,242,154,Verde
187,42,49,Rojo
178,234,222,Azul
4,35,8,Verde
156,178,241,Azul
121,41,213,Violeta
85,54,212,Azul
30,13,225,Azul
111,2,142,Violeta
80,244,186,Verde
78,236,28,Verde
156,84,194,Rosa
151,2,221,Violeta
78,33,45,Marron
252,17,137,Rosa
220,54,126,Rosa
245,10,83,Rojo
135,13,94,Rosa
150,79,176,Violeta
147,178,166,Verde
202,53,78,Rojo
53,155,100,Verde
35,175,221,Azul
76,222,159,Verde
165,226,40,Amarillo
217,122,209,Rosa
19,249,140,Verde
252,154,131,Naranja
174,254,185,Verde
153,71,178,Violeta
231,214,95,Amarillo
1,122,251,Azul
170,97,205,Violeta
204,234,179,Amarillo
66,184,240,Azul
91,6,244,Azul
99,65,0,Marron
190,13,216,Rosa
123,119,223,Azul
36,154,98,Verde
235,29,63,Rojo
67,23,182,Azul
110,78,144,Violeta
223,202,60,Amarillo
177,231,238,Azul
248,14,14,Rojo
216,223,207,Blanco
72,212,189,Azul
77,130,76,Verde
88,9,114,Violeta
21,207,230,Azul
37,182,233,Azul
73,60,56,Marron
117,144,58,Verde
248,182,91,Amarillo
104,31,223,Azul
52,106,32,Verde
224,39,161,Rosa
137,190,253,Azul
9,51,55,Verde
65,82,244,Azul
117,146,100,Verde
224,45,55,Rojo
232,26,83,Rojo
106,165,7,Verde
177,27,168,Rosa
99,54,33,Marron
116,158,220,Azul
216,22,161,Rosa
237,97,144,Rosa
233,100,1,Naranja
113,118,244,Azul
36,88,245,Azul
116,3,64,Rosa
157,58,188,Violeta
240,179,2,Amarillo
29,251,140,Verde
3,27,98,Azul
219,203,190,Blanco
80,90,127,Azul
141,85,83,Marron
40,224,238,Azul
211,136,77,Naranja
58,111,62,Verde
188,99,140,Rosa
51,215,124,Verde
80,171,231,Azul
44,170,75,Verde
65,196,72,Verde
69,93,99,Gris
239,16,80,Rojo
3,225,114,Verde
56,210,11,Verde
189,176,243,Violeta
151,114,213,Violeta
62,163,10,Verde
34,114,224,Azul
108,245,213,Verde
14,75,93,Azul
161,34,26,Rojo
30,105,168,Azul
76,90,52,Verde
83,195,20,Verde
205,26,7,Rojo
178,44,151,Rosa
44,4,172,Azul
159,254,130,Verde
22,226,224,Azul
4,118,254,Azul
152,64,43,Marron
175,144,39,Amarillo
42,178,2,Verde
217,161,45,Amarillo
210,113,173,Rosa
5,177,198,Azul
140,180,78,Verde
27,231,181,Verde
99,170,168,Azul
155,35,120,Violeta
62,49,158,Azul
139,239,232,Verde
130,81,222,Violeta
20,62,143,Azul
246,150,170,Rosa
66,193,184,Azul
47,246,79,Verde
173,253,11,Verde
146,224,12,Verde
200,49,85,Rojo
80,215,73,Verde
118,241,35,Verde
233,250,172,Amarillo
175,64,32,Rojo
145,63,30,Marron
79,69,32,Marron
248,146,52,Naranja
87,45,45,Marron
250,14,249,Rosa
126,242,126,Verde
217,39,164,Rosa
18,113,223,Azul
140,15,192,Violeta
39,42,202,Azul
143,40,113,Violeta
247,129,192,Rosa
80,81,146,Azul
35,9,61,Azul
244,36,76,Rojo
171,3,196,Violeta
97,23,59,Marron
238,100,240,Rosa
173,13,211,Violeta
133,70,123,Violeta
100,228,77,Verde
78,104,112,Gris
200,118,18,Naranja
202,141,221,Rosa
93,192,120,Verde
228,199,6,Amarillo
182,207,62,Verde
211,249,159,Amarillo
83,125,247,Azul
169,36,216,Violeta
229,221,219,Blanco
133,235,21,Verde
185,202,227,Gris
120,130,77,Verde
201,75,195,Rosa
143,124,42,Verde
73,81,190,Azul
47,32,33,Marron
231,222,213,Blanco
175,38,23,Rojo
50,97,223,Azul
164,66,244,Violeta
192,11,81,Rosa
83,113,164,Azul
229,202,245,Violeta
242,245,142,Amarillo
6,19,34,Negro
157,100,157,Violeta
108,165,85,Verde
156,26,44,Rojo
188,150,40,Amarillo
218,199,156,Amarillo
85,160,232,Azul
219,92,1,Naranja
87,28,37,Marron
156,15,93,Rosa
66,45,254,Azul
140,34,27,Marron
100,126,40,Verde
230,158,40,Amarillo
216,175,36,Amarillo
99,176,142,Verde
27,47,36,Verde
103,94,59,Marron
22,64,69,Azul
190,107,197,Rosa
96,76,119,Violeta
21,164,143,Verde
49,199,202,Azul
5,60,55,Verde
241,120,49,Naranja
208,13,67,Rojo
158,111,141,Violeta
179,187,24,Amarillo
9,46,248,Azul
14,76,242,Azul
86,121,216,Azul
131,36,250,Violeta
30,36,152,Azul
40,92,29,Verde
240,9,102,Rosa
142,115,141,Violeta
137,2,76,Violeta
248,225,0,Amarillo
188,13,3,Rojo
193,247,131,Amarillo
31,43,241,Azul
4,120,165,Azul
222,80,10,Naranja
57,58,53,Gris
6,71,152,Azul
205,177,44,Amarillo
132,61,161,Violeta
92,56,162,Violeta
235,197,125,Amarillo
228,153,102,Naranja
87,92,73,Gris
239,49,193,Rosa
55,176,99,Verde
218,36,240,Rosa
140,199,15,Verde
211,149,219,Rosa
203,192,200,Gris
123,66,137,Violeta
217,200,193,Gris
194,146,163,Rosa
171,168,159,Gris
143,190,189,Azul
198,49,48,Rojo
252,63,74,Rojo
109,42,3,Marron
8,49,226,Azul
247,39,146,Rosa
238,32,10,Naranja
231,5,100,Rosa
64,216,173,Verde
48,97,158,Azul
89,196,234,Azul
177,230,249,Azul
14,66,129,Azul
97,121,180,Azul
7,19,248,Azul
150,76,113,Violeta
53,202,55,Verde
55,252,44,Verde
229,1,236,Rosa
12,205,199,Azul
151,142,10,Verde
77,86,134,Azul
151,67,112,Rosa
174,169,90,Amarillo
163,0,161,Rosa
150,103,133,Rosa
234,223,24,Amarillo
123,105,15,Verde
193,15,49,Rojo
183,222,82,Amarillo
114,2,158,Violeta
126,165,196,Azul
157,108,129,Violeta
144,254,232,Azul
199,204,125,Amarillo
120,229,130,Verde
42,118,173,Azul
92,204,186,Azul
153,88,85,Marron
128,75,238,Violeta
146,159,58,Verde
241,200,68,Amarillo
83,163,168,Azul
246,164,29,Naranja
54,66,71,Gris
163,126,79,Marron
130,110,103,Marron
239,157,148,Naranja
13,44,56,Verde
149,63,63,Marron
212,54,102,Rosa
219,39,109,Rosa
118,229,39,Verde
137,107,234,Violeta
45,244,93,Verde
200,82,54,Marron
173,185,212,Azul
216,227,200,Verde
48,100,198,Azul
226,111,234,Rosa
118,48,141,Violeta
134,74,197,Violeta
167,172,37,Verde
36,248,210,Azul
143,47,192,Violeta
180,158,96,Verde
67,6,161,Azul
69,155,230,Azul
93,152,83,Verde
27,34,127,Azul
190,73,191,Rosa
96,190,159,Verde
245,22,240,Rosa
84,195,121,Verde
206,41,254,Rosa
242,220,100,Amarillo
13,242,26,Verde
240,29,94,Rojo
71,216,141,Verde
190,142,189,Violeta
201,75,126,Rosa
54,111,78,Verde
235,194,123,Amarillo
225,204,87,Amarillo
200,58,55,Naranja
78,11,87,Violeta
246,253,105,Amarillo
10,214,23,Verde
175,231,120,Verde
95,89,58,Marron
207,104,86,Naranja
115,162,43,Verde
194,234,19,Amarillo
44,123,80,Verde
8,153,205,Azul
206,160,164,Rosa
80,190,29,Verde
71,178,188,Azul
40,200,85,Verde
182,195,185,Gris
160,41,40,Rojo
63,46,205,Azul
13,96,217,Azul
120,42,149,Violeta
128,92,147,Violeta
50,210,57,Verde
215,75,128,Rosa
126,150,13,Verde
135,231,238,Azul
236,205,112,Amarillo
191,25,47,Rojo
188,109,91,Naranja
183,186,231,Azul
51,96,180,Azul
191,170,128,Gris
74,207,0,Verde
76,5,201,Azul
159,49,20,Marron
248,202,162,Naranja
101,59,171,Violeta
167,34,126,Rosa
157,101,222,Violeta
194,223,228,Azul
253,126,181,Rosa
86,122,24,Verde
171,48,176,Violeta
168,219,191,Verde
128,229,242,Azul
122,39,129,Violeta
103,22,23,Marron
60,99,243,Azul
195,131,62,Naranja
51,26,9,Marron
3,27,123,Azul
135,241,91,Verde
191,45,142,Rosa
26,225,54,Verde
247,161,226,Rosa
71,7,183,Azul
150,64,159,Violeta
129,87,6,Marron
219,212,122,Amarillo
240,25,222,Rosa
192,191,190,Gris
247,149,72,Naranja
47,243,15,Verde
50,1,200,Azul
232,142,214,Rosa
29,83,225,Azul
69,244,74,Verde
243,67,142,Rosa
164,240,229,Azul
71,48,186,Azul
95,3,25,Marron
39,47,10,Verde
3,164,157,Azul
249,34,86,Rojo
180,91,4,Naranja
68,22,226,Azul
170,158,220,Violeta
38,109,215,Azul
209,241,150,Amarillo
72,160,6,Verde
40,248,222,Azul
114,134,236,Violeta
224,140,107,Naranja
145,123,135,Gris
123,1,101,Violeta
246,207,72,Amarillo
37,33,120,Azul
164,238,30,Verde
70,119,140,Azul
69,5,38,Marron
123,90,35,Marron
11,90,236,Azul
9,238,55,Verde
87,30,28,Marron
201,49,205,Rosa
75,81,82,Gris
38,225,115,Verde
225,134,115,Naranja
93,147,10,Verde
165,27,225,Violeta
51,159,151,Azul
108,17,10,Marron
209,10,95,Rosa
192,158,105,Marron
170,15,149,Violeta
37,226,185,Verde
84,206,110,Verde
214,209,202,Gris
224,218,28,Amarillo
39,140,155,Azul
208,90,178,Rosa
46,1,77,Violeta
15,237,131,Verde
26,168,20,Verde
44,143,148,Azul
56,111,130,Azul
18,57,15,Verde
126,130,102,Gris
149,30,192,Rosa
178,127,182,Rosa
242,170,248,Rosa
181,214,98,Amarillo
126,158,123,Verde
13,89,66,Verde
94,60,195,Violeta
102,68,109,Violeta
200,221,254,Azul
72,91,52,Verde
125,37,104,Violeta
204,206,32,Amarillo
145,124,198,Violeta
20,3,220,Azul
103,198,248,Azul
35,215,228,Azul
39,197,6,Verde
104,114,28,Verde
229,47,209,Rosa
111,229,123,Verde
75,192,254,Azul
18,88,104,Azul
53,161,0,Verde
174,175,177,Gris
168,80,115,Rosa
124,25,193,Violeta
6,57,104,Azul
212,57,141,Rosa
24,24,172,Azul
230,53,20,Naranja
236,250,178,Amarillo
136,214,22,Verde
145,90,197,Violeta
28,220,191,Azul
99,250,47,Verde
152,71,241,Violeta
211,211,217,Gris
158,89,159,Violeta
236,115,189,Rosa
189,143,1,Amarillo
7,182,75,Verde
241,104,22,Naranja
190,200,235,Azul
141,107,213,Violeta
121,6,115,Violeta
42,64,246,Azul
13,53,40,Verde
181,117,68,Naranja
100,202,194,Azul
79,163,47,Verde
154,158,231,Violeta
137,188,33,Verde
81,53,243,Azul
104,252,131,Verde
254,234,129,Amarillo
209,10,55,Rojo
173,142,241,Violeta
224,171,142,Naranja
122,161,194,Azul
145,51,101,Violeta
202,243,113,Amarillo
160,211,139,Verde
0,181,141,Verde
166,8,241,Violeta
251,150,200,Rosa
216,58,62,Rojo
114,70,143,Violeta
191,55,192,Rosa
247,251,184,Amarillo
235,117,77,Naranja
175,17,31,Rojo
39,222,203,Azul
241,94,239,Rosa
133,11,240,Violeta
61,99,83,Verde
105,36,240,Azul
104,152,174,Azul
216,49,213,Rosa
236,79,57,Naranja
100,167,19,Verde
13,223,166,Verde
110,37,87,Violeta
79,215,9,Verde
134,134,207,Azul
1,194,177,Verde
124,176,69,Verde
246,5,168,Rosa
50,176,84,Verde
175,23,169,Violeta
49,122,251,Azul
153,143,218,Violeta
61,228,192,Azul
27,105,199,Azul
181,65,11,Marron
227,81,157,Rosa
213,218,128,Amarillo
135,52,42,Marron
12,150,194,Azul
57,211,130,Verde
111,169,47,Verde
198,184,134,Amarillo
122,171,104,Verde
152,188,94,Verde
230,89,203,Rosa
161,121,194,Violeta
72,226,237,Azul
2,117,203,Azul
165,101,1,Naranja
171,121,29,Marron
23,76,62,Verde
166,165,235,Violeta
178,251,22,Amarillo
168,38,192,Violeta
175,120,141,Rosa
95,34,139,Violeta
67,35,90,Violeta
194,48,185,Rosa
1,183,2,Verde
139,121,71,Marron
113,223,189,Azul
127,120,147,Violeta
170,236,65,Verde
218,155,177,Rosa
80,64,58,Marron
143,93,250,Violeta
219,74,62,Rojo
98,178,171,Azul
13,100,165,Azul
2,196,140,Verde
56,24,209,Azul
108,10,148,Violeta
18,137,107,Verde
216,142,68,Naranja
152,91,91,Marron
55,1,183,Azul
105,231,248,Azul
79,93,14,Verde
118,193,62,Verde
74,229,229,Azul
233,143,66,Naranja
183,159,183,Violeta
137,237,189,Verde
96,165,16,Verde
9,158,80,Verde
22,5,127,Azul
175,52,52,Rojo
181,54,84,Rosa
246,199,182,Naranja
151,123,171,Violeta
33,118,240,Azul
57,2,202,Azul
213,173,206,Rosa
101,18,211,Violeta
5,254,190,Verde
195,254,132,Amarillo
61,182,0,Verde
34,28,120,Azul
58,95,218,Azul
252,52,27,Naranja
198,141,127,Marron
175,252,225,Azul
102,153,139,Verde
27,233,141,Verde
17,33,70,Azul
1,224,138,Verde
36,11,146,Azul
206,189,95,Amarillo
27,93,219,Azul
25,124,59,Verde
204,215,214,Blanco
93,138,131,Gris
133,213,57,Verde
85,117,238,Azul
160,80,6,Marron
170,123,151,Rosa
229,90,172,Rosa
199,98,185,Rosa
130,49,131,Violeta
74,42,194,Azul
188,82,163,Rosa
8,152,216,Azul
76,0,150,Violeta
228,145,244,Rosa
254,118,250,Rosa
65,175,153,Verde
182,83,141,Rosa
18,89,92,Verde
91,23,45,Marron
83,173,172,Azul
92,173,251,Azul
166,209,165,Verde
180,239,191,Verde
53,57,242,Azul
69,174,48,Verde
138,108,26,Marron
231,94,42,Naranja
75,29,127,Violeta
218,154,249,Rosa
130,22,117,Violeta
54,224,170,Verde
123,29,84,Violeta
159,128,209,Violeta
25,237,82,Verde
217,105,159,Rosa
253,132,131,Rojo
188,210,145,Amarillo
12,71,69,Verde
107,185,70,Verde
83,136,137,Azul
7,134,50,Verde
30,103,73,Verde
220,35,205,Rosa
72,45,236,Azul
179,106,16,Marron
7,242,237,Azul
89,87,247,Azul
142,99,153,Violeta
67,82,66,Gris
217,185,164,Naranja
166,199,120,Verde
91,208,4,Verde
163,123,110,Marron
21,68,145,Azul
48,176,176,Azul
218,2,47,Rojo
200,135,142,Rosa
132,155,71,Verde
176,229,54,Verde
21,103,179,Azul
131,78,206,Violeta
1,152,135,Verde
55,213,44,Verde
31,139,102,Verde
202,76,69,Rojo
156,148,122,Gris
184,15,230,Violeta
141,188,110,Verde
204,193,194,Gris
0,213,232,Azul
114,214,130,Verde
97,106,49,Verde
203,172,208,Rosa
224,60,140,Rosa
162,153,248,Violeta
242,244,32,Amarillo
238,139,22,Naranja
86,176,192,Azul
248,244,33,Amarillo
211,112,18,Naranja
174,254,158,Amarillo
104,71,35,Marron
103,248,71,Verde
140,2,61,Violeta
56,83,47,Verde
83,214,118,Verde
13,116,173,Azul
228,147,54,Naranja
120,221,57,Verde
11,65,111,Azul
7,15,244,Azul
112,131,240,Violeta
15,15,119,Azul
103,189,209,Azul
91,92,35,Verde
226,188,77,Amarillo
204,192,222,Rosa
17,168,227,Azul
79,181,181,Azul
80,253,93,Verde
231,54,9,Rojo
64,158,82,Verde
121,113,48,Marron
133,70,133,Violeta
195,20,0,Rojo
217,229,138,Amarillo
232,219,171,Amarillo
144,12,130,Violeta
239,22,103,Rosa
206,214,216,Gris
68,151,12,Verde
157,152,155,Gris
165,183,252,Azul
207,90,243,Rosa
95,80,194,Azul
212,234,22,Amarillo
99,213,147,Verde
95,165,139,Verde
177,104,108,Marron
8,51,172,Azul
199,241,116,Amarillo
38,22,55,Negro
30,196,41,Verde
74,249,18,Verde
140,95,114,Marron
98,119,89,Gris
118,83,192,Violeta
228,168,110,Naranja
111,186,228,Azul
191,250,42,Amarillo
57,4,55,Violeta
38,150,199,Azul
154,229,208,Verde
131,21,94,Violeta
247,152,179,Rosa
52,131,33,Verde
139,164,76,Verde
137,102,26,Marron
217,75,125,Rosa
240,160,11,Naranja
151,157,194,Azul
195,14,158,Rosa
132,86,46,Marron
60,54,122,Azul
207,100,173,Rosa
177,215,121,Verde
177,200,52,Verde
2,49,192,Azul
110,165,30,Verde
23,211,115,Verde
151,16,210,Violeta
55,217,130,Verde
63,174,155,Verde
215,192,47,Amarillo
2,241,114,Verde
248,33,25,Rojo
120,9,182,Violeta
155,171,32,Verde
119,78,38,Marron
135,128,242,Azul
8,193,198,Verde
81,142,109,Verde
248,216,105,Amarillo
53,182,176,Azul
214,209,144,Amarillo
223,56,179,Rosa
51,239,72,Verde
27,136,228,Azul
243,11,246,Rosa
55,106,78,Verde
180,54,16,Marron
155,138,85,Marron
2,13,32,Negro
240,111,32,Naranja
192,66,206,Rosa
111,135,121,Gris
145,135,232,Azul
110,150,174,Azul
33,147,182,Azul
229,179,93,Amarillo
82,64,34,Marron
92,200,166,Verde
130,85,99,Marron
230,131,64,Naranja
180,98,113,Marron
143,190,77,Verde
117,93,96,Gris
156,14,102,Violeta
59,19,237,Azul
5,181,199,Azul
181,245,59,Verde
89,22,221,Azul
234,204,197,Blanco
226,13,93,Rosa
167,125,144,Gris
97,238,45,Verde
170,233,93,Verde
112,137,241,Azul
139,4,0,Rojo
124,204,126,Verde
21,164,114,Verde
47,116,247,Azul
254,148,210,Rosa
15,126,135,Verde
155,121,151,Violeta
229,177,123,Naranja
179,229,184,Verde
93,220,41,Verde
135,193,151,Verde
215,24,37,Rojo
90,66,160,Violeta
148,12,136,Violeta
126,78,185,Azul
24,128,112,Verde
48,93,171,Azul
1,218,205,Azul
61,88,202,Azul
92,232,189,Verde
147,92,179,Violeta
194,29,167,Rosa
31,197,3,Verde
229,146,122,Naranja
91,135,77,Verde
84,81,171,Azul
86,57,95,Violeta
202,85,12,Naranja
213,11,147,Rosa
83,142,41,Verde
120,236,108,Verde
223,51,246,Rosa
71,207,115,Verde
195,254,77,Amarillo
165,212,199,Gris
206,97,234,Rosa
153,200,223,Azul
21,194,31,Verde
197,138,99,Marron
192,84,147,Rosa
94,23,9,Marron
105,232,60,Verde
208,86,171,Rosa
254,98,51,Naranja
114,136,206,Azul
200,240,87,Amarillo
194,196,34,Verde
99,105,215,Azul
195,218,50,Amarillo
103,246,139,Verde
81,219,130,Verde
26,83,250,Azul
141,222,56,Verde
164,215,202,Verde
42,155,150,Azul
196,238,147,Amarillo
123,49,70,Marron
111,9,61,Marron
194,84,20,Naranja
212,170,225,Rosa
154,91,237,Violeta
90,172,186,Azul
21,175,31,Verde
0,50,167,Azul
234,192,54,Amarillo
170,145,169,Gris
92,81,143,Azul
217,220,17,Amarillo
37,56,46,Gris
174,98,90,Marron
90,34,17,Marron
53,231,115,Verde
155,99,202,Violeta
203,8,10,Rojo
240,218,210,Blanco
185,51,152,Violeta
216,195,182,Gris
135,57,105,Violeta
201,146,45,Amarillo
121,199,13,Verde
26,191,209,Azul
132,185,151,Verde
222,182,132,Marron
106,232,228,Azul
141,69,124,Violeta
158,112,54,Marron
184,252,21,Verde
213,70,4,Naranja
216,191,90,Amarillo
215,221,113,Amarillo
211,122,68,Marron
172,10,155,Violeta
179,0,96,Rosa
63,189,69,Verde
222,203,245,Azul
72,179,240,Azul
189,215,116,Verde
38,51,155,Azul
124,214,212,Azul
75,206,188,Verde
56,89,241,Azul
9,233,142,Verde
53,129,126,Verde
64,136,152,Azul
40,48,207,Azul
15,231,6,Verde
29,140,239,Azul
96,143,232,Azul
107,221,146,Verde
10,98,1,Verde
19,17,155,Azul
194,49,174,Rosa
186,219,16,Amarillo
241,162,38,Naranja
224,106,48,Naranja
183,100,114,Marron
9,47,30,Verde
45,133,157,Azul
43,3,223,Azul
177,73,58,Marron
35,62,139,Azul
183,246,163,Verde
56,69,154,Azul
243,62,88,Rojo
19,96,167,Azul
220,44,190,Rosa
160,11,167,Violeta
47,185,51,Verde
11,96,157,Azul
226,221,14,Amarillo
164,39,111,Violeta
177,167,37,Verde
207,97,244,Rosa
233,168,43,Amarillo
105,196,62,Verde
35,197,172,Verde
164,173,4,Verde
16,188,157,Azul
62,165,196,Azul
250,72,91,Rojo
210,51,79,Rojo
146,133,218,Violeta
230,142,212,Rosa
136,240,44,Verde
43,1,66,Negro
168,82,53,Marron
231,7,44,Rojo
191,174,82,Amarillo
83,59,123,Azul
11,78,40,Verde
167,2,45,Rojo
106,113,251,Azul
147,74,30,Marron
147,33,30,Marron
199,217,41,Amarillo
5,28,254,Azul
138,28,90,Violeta
200,199,178,Gris
30,26,94,Azul
249,67,100,Rosa
61,188,142,Verde
156,1,84,Violeta
164,35,234,Violeta
204,201,167,Gris
132,184,49,Verde
51,9,64,Violeta
187,171,46,Amarillo
5,248,149,Verde
29,144,102,Verde
148,237,158,Verde
41,121,144,Azul
136,237,56,Verde
163,49,46,Marron
62,233,160,Verde
130,142,103,Gris
22,150,105,Verde
99,112,202,Azul
141,82,13,Marron
222,14,221,Rosa
120,23,99,Violeta
36,230,196,Verde
59,25,156,Azul
57,12,167,Azul
42,24,198,Azul
195,131,27,Naranja
3,141,201,Azul
137,126,204,Violeta
21,236,124,Verde
60,27,225,Azul
2,64,12,Verde
65,109,139,Azul
242,246,9,Amarillo
35,161,122,Verde
17,69,142,Azul
42,62,12,Verde
228,137,201,Rosa
172,17,40,Rojo
98,23,162,Violeta
231,23,231,Rosa
38,187,202,Azul
109,114,218,Violeta
149,115,240,Violeta
35,134,113,Verde
201,0,224,Rosa
246,187,184,Naranja
70,76,131,Azul
214,38,126,Rosa
8,127,246,Azul
130,250,64,Verde
13,153,8,Verde
114,14,94,Violeta
245,46,192,Rosa
199,119,15,Naranja
191,42,172,Violeta
118,78,102,Marron
173,170,217,Gris
29,137,213,Azul
1,14,86,Azul
81,206,208,Azul
44,148,129,Verde
34,129,50,Verde
70,48,97,Violeta
211,251,116,Amarillo
252,133,97,Naranja
153,24,16,Rojo
249,111,215,Rosa
106,158,65,Verde
69,247,47,Verde
233,98,22,Naranja
55,34,79,Violeta
97,191,175,Verde
85,192,165,Verde
195,27,233,Violeta
96,188,23,Verde
198,154,203,Rosa
179,114,42,Marron
243,47,5,Naranja
105,11,194,Violeta
160,205,62,Verde
137,87,210,Violeta
233,50,164,Rosa
49,105,199,Azul
140,9,59,Marron
222,73,135,Rosa
63,224,164,Verde
24,0,170,Azul
102,16,115,Violeta
195,89,86,Naranja
184,244,233,Verde
26,123,4,Verde
96,106,73,Verde
33,82,235,Azul
84,71,199,Azul
201,202,38,Amarillo
246,152,235,Rosa
106,127,121,Gris
137,124,112,Gris
21,75,29,Verde
85,228,34,Verde
148,139,144,Gris
186,168,12,Amarillo
75,250,60,Verde
107,3,53,Violeta
88,9,72,Violeta
252,90,191,Rosa
33,69,68,Verde
190,201,202,Gris
119,253,18,Verde
217,32,89,Rosa
219,239,203,Amarillo
59,199,206,Azul
65,118,189,Azul
34,122,76,Verde
27,68,33,Verde
227,105,138,Rosa
227,160,193,Rosa
192,221,113,Amarillo
238,116,230,Rosa
211,241,78,Amarillo
185,159,178,Gris
191,6,142,Violeta
213,173,64,Amarillo
119,102,89,Gris
43,190,141,Verde
115,218,134,Verde
10,92,39,Verde
205,113,208,Rosa
166,161,231,Azul
167,61,226,Violeta
177,114,197,Rosa
131,80,241,Azul
145,172,47,Verde
128,184,125,Verde
96,118,176,Azul
241,249,183,Amarillo
128,40,94,Marron
177,106,202,Rosa
9,242,119,Verde
141,69,119,Violeta
43,204,106,Verde
215,71,183,Rosa
47,50,83,Azul
73,104,91,Gris
75,52,233,Azul
2,55,19,Verde
121,227,174,Verde
36,205,194,Azul
235,179,49,Naranja
237,93,227,Rosa
215,189,51,Amarillo
238,239,211,Verde
100,80,75,Marron
245,30,23,Rojo
219,133,252,Violeta
141,163,220,Azul
193,128,75,Marron
201,162,91,Marron
114,132,190,Azul
249,254,73,Amarillo
152,253,142,Verde
25,93,217,Azul
212,226,152,Amarillo
79,51,215,Azul
93,252,227,Verde
115,41,160,Violeta
36,133,24,Verde
200,9,57,Rojo
101,19,78,Violeta
175,8,206,Rosa
236,176,34,Amarillo
210,187,194,Gris
71,232,133,Verde
104,142,74,Verde
216,236,241,Azul
11,185,108,Verde
175,34,27,Rojo
159,20,170,Violeta
140,21,1,Marron
168,100,177,Violeta
46,219,53,Verde
34,118,119,Verde
154,38,80,Marron
104,32,142,Violeta
252,61,53,Naranja
131,15,126,Violeta
152,38,20,Marron
56,50,227,Azul
202,37,179,Rosa
190,21,51,Rojo
0,103,183,Azul
211,104,76,Marron
199,210,240,Violeta
179,94,8,Naranja
144,0,13,Rojo
191,28,185,Rosa
239,186,107,Amarillo
173,189,35,Verde
158,64,204,Violeta
9,112,48,Verde
136,134,159,Gris
7,13,50,Azul
44,245,106,Verde
179,224,212,Gris
155,94,136,Violeta
43,75,128,Azul
31,12,1,Marron
86,177,87,Verde
182,166,200,Gris
243,27,143,Rosa
112,96,37,Verde
22,160,221,Azul
4,248,18,Verde
244,189,57,Amarillo
50,179,77,Verde
137,155,46,Verde
147,44,106,Violeta
42,45,13,Verde
21,197,178,Azul
1,165,239,Azul
227,82,89,Rojo
131,107,25,Marron
223,50,237,Rosa
80,127,224,Azul
168,102,71,Marron
62,201,119,Verde
138,168,47,Verde
189,123,61,Marron
157,224,184,Verde
170,111,92,Marron
53,252,17,Verde
164,161,194,Gris
146,163,68,Verde
200,161,67,Amarillo
235,177,89,Naranja
147,43,65,Marron
60,180,19,Verde
106,179,90,Verde
59,121,144,Azul
147,220,188,Verde
254,82,196,Rosa
96,122,10,Verde
254,220,113,Amarillo
229,252,197,Amarillo
122,80,56,Marron
21,114,171,Azul
51,69,59,Gris
172,175,174,Gris
243,172,225,Rosa
70,207,190,Verde
13,7,61,Azul
251,139,240,Rosa
190,4,223,Violeta
214,218,6,Amarillo
150,198,226,Azul
136,161,63,Verde
231,185,78,Naranja
28,31,200,Azul
78,150,130,Verde
153,136,47,Verde
240,64,219,Rosa
201,217,211,Gris
81,76,235,Azul
165,232,92,Verde
110,11,112,Violeta
243,10,47,Rojo
92,43,198,Azul
215,182,164,Marron
224,241,150,Amarillo
125,111,20,Verde
139,179,133,Verde
244,79,164,Rosa
116,197,151,Verde
26,39,223,Azul
144,131,31,Verde
127,224,114,Verde
232,248,219,Verde
2,101,97,Verde
187,121,178,Violeta
72,58,152,Azul
211,215,121,Amarillo
80,211,161,Verde
141,179,99,Verde
109,32,65,Marron
150,254,37,Verde
151,86,157,Violeta
171,139,249,Azul
162,202,84,Verde
210,20,99,Rosa
129,122,32,Verde
52,253,13,Verde
22,160,236,Azul
93,72,48,Marron
34,215,7,Verde
159,201,242,Azul
75,5,67,Violeta
122,48,210,Violeta
21,30,183,Azul
161,219,189,Verde
34,50,35,Verde
108,7,24,Marron
109,101,215,Violeta
171,109,233,Violeta
14,85,65,Verde
200,107,0,Naranja
147,84,81,Marron
80,96,17,Verde
95,196,230,Azul
75,95,153,Azul
163,52,150,Violeta
61,154,136,Verde
242,147,249,Rosa
220,122,205,Rosa
117,113,197,Azul
203,154,56,Amarillo
236,168,122,Naranja
73,79,221,Azul
244,59,141,Rosa
145,177,226,Azul
135,135,37,Verde
160,172,69,Verde
151,67,146,Violeta
122,53,66,Marron
143,132,191,Azul
138,6,46,Rojo
192,2,179,Rosa
120,224,98,Verde
135,239,84,Verde
167,1,199,Violeta
228,204,106,Amarillo
83,22,14,Marron
122,127,216,Azul
14,147,113,Verde
183,185,154,Gris
177,170,46,Verde
161,8,153,Violeta
102,194,111,Verde
194,184,185,Gris
240,236,221,Blanco
94,26,245,Azul
144,173,198,Gris
166,195,189,Gris
180,47,95,Rosa
29,144,62,Verde
179,57,91,Rojo
9,34,239,Azul
154,29,203,Violeta
234,160,203,Rosa
213,149,162,Marron
46,111,229,Azul
193,215,30,Verde
154,156,161,Gris
203,96,138,Rosa
212,154,116,Marron
182,48,180,Violeta
143,127,181,Gris
213,47,124,Rosa
155,240,97,Verde
60,183,160,Verde
222,141,177,Rosa
186,196,56,Verde
98,176,34,Verde
208,172,97,Amarillo
68,232,25,Verde
161,53,44,Marron
125,100,242,Violeta
223,130,186,Rosa
238,192,38,Amarillo
241,123,238,Rosa
10,90,221,Azul
164,55,42,Marron
138,191,21,Verde
33,56,210,Azul
192,101,47,Marron
222,205,78,Amarillo
228,0,114,Rosa
105,58,150,Violeta
190,28,34,Rojo
214,180,85,Amarillo
96,83,138,Violeta
250,181,39,Amarillo
50,56,70,Gris
158,40,123,Violeta
227,195,73,Amarillo
252,99,182,Rosa
137,234,236,Azul
149,159,87,Verde
58,237,203,Verde
64,227,89,Verde
230,135,10,Naranja
239,83,119,Rosa
122,148,200,Azul
189,148,192,Violeta
99,199,119,Verde
229,203,81,Amarillo
87,68,232,Azul
68,2,98,Violeta
245,1,43,Rojo
52,143,129,Azul
204,23,130,Rosa
136,57,181,Violeta
30,90,181,Azul
216,126,156,Rosa
124,220,156,Verde
146,224,210,Verde
254,15,99,Rojo
46,70,95,Gris
162,49,30,Marron
230,20,233,Rosa
54,230,237,Azul
99,176,171,Azul
233,166,102,Naranja
155,161,234,Azul
190,127,218,Violeta
150,11,123,Violeta
145,30,71,Marron
52,199,166,Verde
70,133,197,Azul
71,211,47,Verde
19,30,211,Azul
29,58,236,Azul
49,164,89,Verde
167,30,197,Violeta
34,142,252,Azul
32,157,84,Verde
54,152,89,Verde
174,51,43,Rojo
177,177,233,Azul
170,192,228,Azul
163,66,26,Marron
242,18,125,Rosa
216,113,47,Naranja
118,79,17,Marron
215,212,26,Amarillo
248,63,168,Rosa
136,89,24,Marron
117,145,46,Verde
220,202,234,Violeta
21,30,203,Azul
243,2,187,Rosa
7,7,99,Azul
139,143,198,Azul
104,201,141,Verde
100,1,54,Marron
92,225,153,Verde
44,192,240,Azul
167,88,12,Marron
254,249,124,Amarillo
83,151,152,Verde
63,112,237,Azul
219,190,123,Amarillo
211,104,175,Rosa
159,134,133,Gris
247,152,9,Naranja
79,130,145,Azul
227,32,175,Rosa
10,125,49,Verde
53,247,132,Verde
230,164,18,Naranja
223,27,48,Rojo
191,122,100,Marron
188,61,179,Rosa
217,139,82,Marron
170,132,116,Marron
142,103,171,Violeta
15,29,231,Azul
236,59,124,Rosa
2,83,31,Verde
74,133,239,Azul
95,249,62,Verde
95,12,112,Violeta
21,220,1,Verde
193,36,81,Rojo
96,103,12,Verde
138,218,133,Verde
100,149,90,Verde
107,158,204,Azul
206,121,37,Naranja
134,195,178,Verde
150,50,174,Violeta
49,92,190,Azul
83,213,252,Azul
232,30,144,Rosa
18,167,3,Verde
206,151,0,Amarillo
75,39,61,Marron
29,53,150,Azul
151,177,55,Verde
97,246,161,Verde
158,130,202,Violeta
36,140,209,Azul
140,4,196,Violeta
119,28,172,Violeta
144,233,199,Verde
5,34,195,Azul
67,249,156,Verde
14,38,38,Verde
36,92,51,Verde
178,99,244,Rosa
16,42,244,Azul
31,174,178,Azul
77,5,96,Violeta
29,93,106,Azul
44,30,139,Azul
230,187,182,Naranja
199,48,166,Rosa
81,53,41,Marron
91,124,186,Azul
158,130,17,Amarillo
129,248,55,Verde
58,11,129,Azul
77,11,250,Azul
135,103,102,Marron
234,106,0,Naranja
11,213,23,Verde
136,89,29,Marron
7,193,177,Verde
233,65,222,Rosa
167,131,108,Marron
196,224,207,Verde
159,52,137,Rosa
16,84,128,Azul
182,88,185,Rosa
238,10,55,Rojo
85,15,59,Violeta
14,253,147,Verde
31,217,232,Azul
164,85,127,Rosa
155,138,86,Verde
32,65,34,Verde
150,227,217,Azul
44,34,29,Marron
175,73,229,Rosa
171,79,77,Rojo
26,126,244,Azul
184,127,20,Amarillo
145,164,180,Gris
253,61,96,Rojo
214,57,42,Rojo
176,103,33,Marron
221,33,25,Naranja
151,9,167,Violeta
6,22,186,Azul
168,92,239,Violeta
25,139,246,Azul
162,167,95,Verde
76,63,101,Violeta
232,99,22,Naranja
84,67,45,Marron
250,105,207,Rosa
88,187,202,Azul
169,85,215,Rosa
5,216,250,Azul
134,19,222,Violeta
176,125,137,Marron
37,162,137,Verde
48,221,202,Verde
74,37,13,Marron
171,120,74,Marron
163,90,112,Rosa
195,222,141,Amarillo
123,108,217,Azul
190,243,56,Amarillo
220,74,148,Rosa
37,4,101,Azul
198,56,172,Rosa
240,12,23,Rojo
214,251,213,Amarillo
163,223,172,Verde
223,235,199,Amarillo
191,137,89,Marron
27,10,35,Negro
234,128,160,Rosa
145,220,16,Verde
109,239,187,Verde
166,220,150,Verde
78,56,156,Violeta
95,19,118,Violeta
215,201,88,Amarillo
118,100,170,Violeta
248,151,56,Naranja
96,245,170,Verde
21,190,180,Verde
109,222,148,Verde
24,133,223,Azul
249,3,215,Rosa
77,248,181,Verde
62,160,65,Verde
153,215,188,Verde
72,153,154,Azul
210,168,164,Naranja
242,232,104,Amarillo
88,122,47,Verde
241,212,123,Amarillo
86,69,72,Marron
244,154,178,Rosa
110,52,233,Violeta
51,55,168,Azul
85,156,205,Azul
25,25,54,Negro
208,242,42,Amarillo
220,12,199,Rosa
43,75,13,Verde
32,173,192,Azul
125,209,151,Verde
230,230,80,Amarillo
242,249,165,Amarillo
89,91,88,Gris
39,213,77,Verde
127,50,229,Violeta
216,101,216,Rosa
103,183,197,Azul
111,195,145,Verde
248,225,249,Blanco
163,161,206,Gris
124,208,35,Verde
203,16,19,Rojo
136,7,139,Violeta
234,153,203,Rosa
7,238,32,Verde
52,0,236,Azul
42,215,15,Verde
28,202,174,Verde
206,147,64,Naranja
19,30,0,Verde
125,10,184,Violeta
211,175,38,Amarillo
160,171,155,Gris
17,66,205,Azul
244,102,153,Rosa
18,155,244,Azul
85,1,76,Violeta
82,60,37,Marron
234,33,226,Rosa
74,238,155,Verde
248,233,153,Amarillo
183,72,52,Marron
156,235,152,Verde
19,79,239,Azul
213,215,206,Gris
198,253,109,Verde
236,250,76,Amarillo
47,213,132,Verde
143,69,103,Violeta
225,74,180,Rosa
241,247,73,Amarillo
145,118,235,Violeta
158,135,55,Verde
136,127,245,Azul
252,185,56,Amarillo
150,20,140,Violeta
2,247,218,Azul
49,133,12,Verde
190,254,52,Amarillo
2,28,133,Azul
68,251,95,Verde
22,98,195,Azul
209,200,188,Gris
137,129,187,Violeta
38,33,184,Azul
79,231,129,Verde
50,110,134,Azul
33,52,38,Verde
108,225,98,Verde
156,184,6,Verde
86,127,226,Azul
69,41,205,Azul
113,20,240,Violeta
6,223,230,Azul
135,16,4,Rojo
254,70,151,Rosa
190,39,201,Violeta
214,120,144,Rosa
140,96,31,Marron
20,33,228,Azul
165,142,47,Amarillo
172,123,134,Marron
218,67,159,Rosa
92,181,219,Azul
212,43,31,Rojo
203,2,127,Rosa
106,151,32,Verde
84,159,115,Verde
7,237,195,Verde
41,16,222,Azul
213,17,60,Rojo
42,183,196,Azul
34,120,128,Azul
89,162,157,Azul
57,251,218,Verde
157,224,13,Verde
220,218,215,Gris
211,104,175,Rosa
159,152,91,Verde
238,116,114,Naranja
170,153,188,Azul
222,132,151,Rosa
188,175,34,Verde
227,111,214,Rosa
190,101,70,Marron
199,67,146,Rosa
64,57,165,Azul
151,220,254,Azul
182,94,107,Marron
140,70,14,Marron
114,170,96,Verde
170,140,189,Violeta
40,216,20,Verde
132,225,214,Verde
162,134,1,Amarillo
30,241,174,Verde
108,213,68,Verde
83,129,244,Azul
37,153,204,Azul
244,114,8,Naranja
102,75,19,Marron
61,213,44,Verde
219,206,83,Amarillo
184,56,27,Marron
22,117,105,Verde
178,192,173,Gris
106,185,66,Verde
204,56,84,Rosa
115,166,17,Verde
58,69,44,Gris
143,206,3,Verde
216,26,67,Rosa
135,67,99,Violeta
174,224,78,Verde
227,118,216,Rosa
160,12,133,Violeta
196,122,97,Marron
247,192,201,Naranja
12,147,43,Verde
56,39,16,Marron
217,211,77,Amarillo
23,11,127,Azul
104,218,223,Azul
125,230,125,Verde
249,82,108,Rosa
18,110,81,Verde
213,129,26,Naranja
150,50,214,Violeta
215,95,70,Naranja
142,163,40,Verde
128,214,109,Verde
197,198,220,Gris
120,202,150,Verde
105,254,165,Verde
145,237,37,Verde
99,12,104,Violeta
12,189,62,Verde
241,34,176,Rosa
91,20,5,Marron
34,232,171,Verde
210,90,233,Violeta
50,49,111,Azul
42,209,147,Verde
39,185,204,Verde
236,222,32,Amarillo
217,199,206,Gris
119,60,210,Violeta
163,173,190,Gris
90,31,22,Marron
47,245,46,Verde
184,192,179,Gris
87,82,238,Azul
252,178,240,Rosa
196,107,72,Marron
3,254,160,Verde
115,47,45,Marron
177,220,202,Gris
143,72,72,Marron
33,110,117,Azul
90,55,68,Marron
240,193,220,Rosa
108,185,33,Verde
129,25,200,Violeta
180,13,86,Rosa
38,197,107,Verde
182,170,222,Azul
182,20,52,Rojo
78,176,96,Verde
91,74,223,Azul
24,203,14,Verde
147,244,72,Verde
234,215,245,Violeta
127,31,227,Violeta
136,46,96,Marron
64,57,99,Gris
13,57,85,Azul
159,3,151,Rosa
128,20,122,Violeta
74,73,225,Azul
213,237,105,Amarillo
92,47,144,Violeta
16,199,4,Verde
63,192,81,Verde
200,237,218,Amarillo
99,29,41,Marron
59,216,41,Verde
210,9,219,Rosa
84,226,121,Verde
208,188,98,Amarillo
248,146,206,Rosa
52,233,235,Azul
23,235,195,Verde
40,226,118,Verde
110,157,7,Verde
212,133,249,Rosa
176,71,118,Rosa
108,19,57,Marron
239,209,69,Amarillo
96,102,117,Gris
55,210,178,Verde
181,150,5,Amarillo
254,128,19,Naranja
55,43,85,Azul
31,250,221,Verde
222,221,164,Amarillo
159,104,239,Violeta
58,233,197,Verde
61,36,217,Azul
249,180,19,Amarillo
141,142,245,Azul
113,202,252,Azul
149,107,144,Marron
213,60,206,Rosa
231,250,149,Amarillo
115,43,236,Violeta
244,182,79,Amarillo
216,87,175,Rosa
245,7,95,Rojo
197,231,41,Verde
140,200,51,Verde
244,166,249,Rosa
195,16,24,Rojo
23,69,193,Azul
228,54,239,Rosa
40,137,95,Verde
201,175,54,Amarillo
118,214,162,Verde
246,132,5,Naranja
75,135,69,Verde
178,126,167,Violeta
236,197,217,Rosa
205,3,142,Violeta
254,234,15,Amarillo
51,36,94,Azul
175,145,90,Marron
152,188,212,Azul
61,107,10,Verde
175,48,99,Rosa
1,128,159,Azul
4,128,169,Azul
123,202,48,Verde
180,130,10,Amarillo
50,179,187,Azul
150,16,150,Rosa
240,20,84,Rojo
0,91,162,Azul
173,45,57,Rojo
139,6,137,Violeta
234,215,243,Violeta
38,220,184,Verde
139,115,1,Verde
126,151,191,Azul
240,4,92,Rojo
106,117,113,Gris
60,209,107,Verde
219,225,241,Azul
210,23,241,Rosa
156,201,205,Gris
182,238,229,Verde
69,17,9,Marron
216,117,20,Naranja
34,78,120,Azul
59,160,190,Azul
153,6,120,Violeta
203,41,179,Rosa
106,147,1,Verde
111,57,127,Violeta
126,84,114,Marron
99,55,99,Violeta
38,213,48,Verde
211,34,72,Rojo
50,152,108,Verde
199,249,13,Amarillo
46,239,53,Verde
224,215,250,Violeta
17,19,189,Azul
117,128,20,Verde
85,213,182,Verde
76,40,127,Violeta
121,37,128,Violeta
244,31,96,Rojo
25,125,233,Azul
234,15,99,Rojo
167,38,168,Violeta
67,140,212,Azul
87,69,167,Azul
71,57,61,Gris
59,127,221,Azul
135,191,78,Verde
27,75,20,Verde
175,232,149,Verde
59,185,119,Verde
242,233,212,Blanco
166,128,234,Violeta
164,126,187,Violeta
215,50,118,Rosa
158,7,227,Violeta
83,187,246,Azul
250,130,52,Naranja
55,88,146,Azul
221,179,225,Rosa
60,128,153,Azul
62,7,76,Violeta
38,88,115,Azul
120,177,46,Verde
115,196,153,Verde
225,34,95,Rojo
191,230,12,Verde
179,20,74,Rojo
73,9,199,Azul
200,221,207,Verde
252,186,54,Amarillo
183,116,103,Marron
94,254,16,Verde
4,204,159,Verde
233,129,240,Rosa
160,186,137,Verde
66,163,15,Verde
158,195,193,Gris
98,18,208,Violeta
62,89,52,Verde
225,179,100,Amarillo
30,134,127,Verde
234,249,97,Amarillo
112,155,81,Verde
152,35,92,Violeta
203,43,189,Violeta
236,110,139,Rojo
171,23,104,Violeta
54,164,244,Azul
101,63,191,Azul
174,171,19,Verde
113,172,245,Azul
226,36,132,Rosa
23,83,178,Azul
112,27,125,Violeta
143,7,112,Violeta
125,76,76,Marron
50,167,8,Verde
28,7,85,Azul
252,121,16,Naranja
46,93,67,Verde
18,213,180,Verde
18,172,37,Verde
176,138,239,Azul
244,245,191,Amarillo
167,240,167,Verde
103,27,69,Marron
21,189,220,Azul
227,47,197,Rosa
218,218,215,Gris
9,240,109,Verde
7,237,126,Verde
230,217,198,Blanco
11,3,135,Azul
250,202,110,Amarillo
121,223,240,Azul
72,81,37,Verde
66,210,188,Verde
253,244,25,Amarillo
197,244,125,Amarillo
123,11,192,Violeta
182,225,252,Azul
227,203,237,Violeta
131,206,32,Verde
48,37,193,Azul
5,139,243,Azul
56,79,48,Verde
25,149,111,Verde
161,41,187,Violeta
237,156,158,Naranja
195,22,76,Rojo
78,130,74,Verde
51,158,154,Azul
21,13,170,Azul
53,78,247,Azul
194,83,148,Rosa
68,73,177,Azul
149,52,5,Marron
3,22,236,Azul
111,190,35,Verde
77,116,86,Verde
120,7,154,Violeta
133,113,4,Verde
123,104,57,Marron
22,10,1,Marron
20,117,11,Verde
247,89,38,Naranja
201,160,68,Amarillo
14,128,98,Verde
129,176,136,Verde
176,3,196,Violeta
229,247,111,Amarillo
83,216,181,Verde
33,151,95,Verde
8,144,214,Azul
169,111,77,Marron
231,34,148,Rosa
186,150,240,Azul
165,11,236,Violeta
211,123,156,Rosa
248,83,152,Rosa
79,34,142,Azul
247,8,253,Rosa
58,123,106,Verde
86,242,251,Verde
221,16,179,Violeta
128,74,5,Marron
235,121,223,Rosa
186,131,56,Marron
68,142,205,Azul
39,239,161,Verde
231,109,159,Rosa
253,46,148,Rosa
184,236,33,Verde
224,139,114,Marron
69,167,122,Verde
32,2,80,Azul
82,201,194,Azul
116,241,99,Verde
4,72,92,Azul
199,119,63,Marron
70,129,119,Verde
163,182,75,Verde
12,75,17,Verde
126,197,79,Verde
141,160,57,Verde
68,69,53,Gris
126,89,180,Violeta
157,243,132,Amarillo
81,172,102,Verde
147,32,214,Violeta
171,44,60,Rojo
89,153,54,Verde
25,75,185,Azul
113,18,24,Marron
37,216,108,Verde
250,125,73,Naranja
94,211,236,Azul
143,210,124,Verde
119,90,122,Violeta
142,193,182,Gris
202,57,39,Naranja
58,10,147,Azul
107,108,65,Verde
60,147,119,Verde
244,188,136,Naranja
87,141,17,Verde
193,57,102,Rosa
82,154,156,Azul
194,35,46,Rojo
45,193,238,Azul
77,236,121,Verde
86,106,196,Azul
130,106,62,Marron
186,65,95,Rosa
119,182,183,Azul
196,73,221,Violeta
115,59,95,Violeta
25,246,58,Verde
100,178,110,Verde
170,221,166,Verde
148,139,103,Marron
51,133,117,Verde
116,63,143,Violeta
24,83,44,Verde
6,49,54,Azul
135,239,99,Amarillo
150,64,6,Marron
63,17,11,Marron
159,137,185,Azul
61,19,155,Azul
12,15,218,Azul
186,120,20,Naranja
21,84,50,Verde
2,25,162,Azul
65,193,151,Verde
216,41,119,Rosa
3,3,41,Azul
249,74,153,Rosa
224,117,3,Naranja
78,5,106,Violeta
69,217,184,Verde
49,63,155,Azul
105,21,134,Violeta
149,92,227,Violeta
5,21,21,Verde
185,2,202,Violeta
65,121,230,Azul
174,164,123,Marron
200,89,0,Naranja
63,249,132,Verde
62,101,139,Azul
134,98,105,Marron
202,45,239,Rosa
44,215,109,Verde
191,234,200,Verde
114,49,108,Violeta
54,149,242,Azul
51,23,72,Violeta
29,20,137,Azul
189,176,130,Amarillo
252,147,11,Naranja
39,72,174,Azul
156,66,173,Violeta
34,12,205,Azul
151,240,183,Verde
19,96,163,Azul
150,35,185,Violeta
226,197,14,Amarillo
237,201,165,Naranja
235,248,168,Amarillo
6,177,133,Verde
162,185,36,Verde
171,151,118,Marron
80,140,185,Azul
95,83,27,Marron
84,6,176,Violeta
128,8,142,Violeta
132,84,34,Marron
40,77,77,Verde
19,226,128,Verde
71,194,87,Verde
241,196,141,Naranja
38,43,109,Azul
22,241,94,Verde
69,109,9,Verde
90,141,29,Verde
82,72,121,Azul
11,22,238,Azul
122,10,17,Rojo
198,119,45,Naranja
71,223,63,Verde
225,32,129,Rosa
18,102,13,Verde
138,116,207,Violeta
123,13,92,Violeta
53,214,103,Verde
79,233,174,Verde
197,92,168,Rosa
108,232,253,Azul
72,138,122,Verde
152,215,192,Verde
220,166,243,Rosa
182,240,160,Verde
36,228,221,Azul
39,181,102,Verde
29,119,185,Azul
41,2,115,Azul
171,91,190,Rosa
138,63,14,Marron
189,166,204,Rosa
227,11,196,Rosa
189,169,110,Marron
92,91,189,Azul
57,202,118,Verde
253,128,151,Rosa
212,243,175,Amarillo
241,234,154,Amarillo
6,76,215,Azul
27,202,172,Verde
99,82,102,Gris
122,228,6,Verde
68,175,129,Verde
2,93,227,Azul
231,18,86,Rojo
103,246,245,Azul
98,55,92,Violeta
28,30,57,Negro
169,47,254,Rosa
32,245,30,Verde
214,199,236,Gris
188,0,132,Rosa
175,103,4,Naranja
24,14,184,Azul
31,76,39,Verde
213,50,198,Rosa
119,98,134,Gris
23,139,48,Verde
13,179,75,Verde
55,248,149,Verde
3,151,234,Azul
230,94,86,Naranja
171,240,23,Verde
43,238,160,Verde
11,200,35,Verde
101,130,192,Azul
128,117,219,Azul
221,153,34,Naranja
143,153,241,Azul
135,171,237,Azul
133,73,38,Marron
15,117,39,Verde
107,78,245,Azul
110,176,82,Verde
97,192,125,Verde
242,63,233,Rosa
240,240,240,Blanco
241,241,241,Blanco
242,242,242,Blanco
243,243,243,Blanco
244,244,244,Blanco
245,245,245,Blanco
246,246,246,Blanco
247,247,247,Blanco
248,248,248,Blanco
249,249,249,Blanco
250,250,250,Blanco
251,251,251,Blanco
252,252,252,Blanco
253,253,253,Blanco
254,254,254,Blanco
255,255,255,Blanco
0,0,0,Negro
1,1,1,Negro
2,2,2,Negro
3,3,3,Negro
4,4,4,Negro
5,5,5,Negro
6,6,6,Negro
7,7,7,Negro
8,8,8,Negro
9,9,9,Negro
10,10,10,Negro
11,11,11,Negro
12,12,12,Negro
13,13,13,Negro
14,14,14,Negro
15,15,15,Negro
16,16,16,Negro
17,17,17,Negro
18,18,18,Negro
19,19,19,Negro
20,20,20,Negro
21,21,21,Negro
22,22,22,Negro
23,23,23,Negro
24,24,24,Negro
25,25,25,Negro
26,26,26,Negro
27,27,27,Negro
28,28,28,Negro
29,29,29,Negro
30,30,30,Negro